自增ID,全渠道用户ID,用户昵称
1,ab7679292727990993,杨娟
2,ad3010501012863888,陈刚
3,ac1923193498493097,王欣
4,af6318681714335618,张晨
5,ae1268388347865331,蔡帅
6,ab3095622856943755,乐倩
7,af1239013220705860,孙波
8,af7449328040642089,何秀芳
9,af2985552297862820,董瑜
10,ae3505720811101612,王建
11,ab8258175866745611,李秀珍
12,ac4806572383388538,赵欢
13,ad2400435409851273,叶金凤
14,ac7876946831764067,赵阳
15,ad1835380167996397,李超
16,ae4233397824710551,刘桂花
17,ad3382592750766595,张坤
18,ab5138131109426128,刘霞
19,af9765045239749496,张飞
20,ae5972339811598312,邓建国
21,ad6662286581849394,宗军
22,af8761568052606767,王柳
23,ad2731982401558975,陈岩
24,ab6956127698920857,欧秀荣
25,ac3606576022572682,徐磊
26,ab3096793822566950,李桂珍
27,ab3503761407767511,姚刚
28,ae8513000042575663,穆帅
29,ad4334291184661225,梁萍
30,ad7036401340694702,李娟
31,ad9436637338599166,秦阳
32,ab6719374341079667,王明
33,ac7567389541786631,王英
34,ac5163666552602351,李宇
35,ae9912831392730355,王丹丹
36,af7166457288799014,唐晨
37,ad7920355575047333,林燕
38,ab8402136600241401,李秀芳
39,ab3841347662248782,刘阳
40,ae1596172675394206,赵俊
41,ac9492975332215264,刘敏
42,af7466399150645486,王燕
43,ad6903665389810031,侯强
44,ae8968518948004304,杨军
45,ae3385824881785731,叶英
46,ac7710264688999160,林海燕
47,af3366567949691496,胡淑兰
48,af9086871207696071,牛志强
49,af4260573382810775,王璐
50,ac9985020032138724,简秀英
51,ac5445194555510952,张欢
52,ab1424388964577418,梁军
53,ab6651529077922783,雷宁
54,ac7129230970992268,何秀云
55,ae1572208169501492,李龙
56,ae6367284829900066,许丽丽
57,ae3264536664246697,徐玉
58,af9488662960180973,陈桂香
59,ab7491687075909031,王晶
60,ab8969465069507095,徐晨
61,af3403346664752912,黄利
62,ad3643612979343081,陈兵
63,ae5086778025543370,吕亮
64,ab7504027691763660,徐建华
65,ad5508882316404875,刘秀华
66,ac9220221692669212,段岩
67,ab6632204807491094,王淑兰
68,ad6755148122432631,罗健
69,af2791631043164359,陈宁
70,ac7868088103948652,胡娟
71,ac9588360655617634,曹龙
72,af1005153610687453,陈海燕
73,af5400968481104955,张芳
74,ab9368576752999675,沈斌
75,ad9874986755582640,陈晨
76,ad1521740770656055,孟秀荣
77,ac6110297593724088,张小红
78,ab7592435864822377,丁龙
79,ae1623413712840288,王帅
80,af2132749373946292,王桂珍
81,ac5280964241255948,陈秀珍
82,af3387418410238635,徐玉华
83,af6463713248691610,赵文
84,ae2907712650673344,王秀珍
85,af7574636101341011,吴桂英
86,ac3807691902964454,刘玉珍
87,ae7050019761331134,赵莹
88,ad9103003146376097,孙冬梅
89,af2089910020020367,金帆
90,ac1576694813836239,张玉华
91,ad6299010481061977,陈红霞
92,af6300196790029459,陈楠
93,ac1639447646814806,唐倩
94,ab1607086020652500,刘磊
95,ab3976235639607489,成梅
96,ab3143753529703504,赵明
97,ad5372223745990823,王玉
98,ac2191761251351603,李晶
99,af5257440346577731,黄丹
100,ac5260164250947999,蔡平
101,ae1849609773462623,李冬梅
102,ab4882563071580154,张小红
103,ad4702877808731665,周浩
104,ae7566931396323244,杨强
105,ab6885804599680611,方岩
106,ab4626490256445423,蔡秀芳
107,ad8761258450493809,刘建军
108,ab2725688862732548,孙雪
109,ac5040750485079524,朱冬梅
110,ac2652713817403233,李想
111,ad3250058043935509,潘强
112,ab8278017259832372,郑婷
113,af1455657795914725,王俊
114,af1132928533555056,黄玉兰
115,ab7787516890243817,王桂兰
116,ac4660652880289122,卢红
117,ae2925264107523646,马强
118,ae1528143119449844,庞晶
119,ac1019414879855075,刘桂荣
120,ae9345333048563964,管建军
121,ae4810109663090674,蔡亮
122,af7470847815509473,冯婷
123,ae2710445620675543,高桂兰
124,ad9725355845861100,萧冬梅
125,ab7626930866858176,李志强
126,af7737163271727691,郭晶
127,ad1451641826501163,魏晶
128,af5529272694689770,李玲
129,af1512325850071781,王文
130,af8668209184550739,黄娟
131,ac6359599788662057,曾琳
132,ab8762576466950860,黄晨
133,ac2079842411763119,张凤英
134,af6214439247181844,郭建
135,af6578892105253502,吴淑兰
136,ab6921090959463139,徐秀荣
137,af5708807002469939,赵兵
138,ad3348771304859861,潘瑞
139,ac7450884841253211,高霞
140,ad3392443837908445,王霞
141,ae7050046114086181,刘杰
142,ad3847870223690613,吴强
143,ab5127867338391411,王建华
144,af6070999160272322,李桂英
145,ab5842580235859680,刘亮
146,ac3388712658938060,徐洋
147,ac4143593651476030,李雪梅
148,ab3200319817145027,姜飞
149,ad2420858009906962,张桂荣
150,ae5892873274183474,滕志强
151,ad9861761404332524,王雷
152,af7015574178050544,黎秀荣
153,af9392513411093994,胡金凤
154,ab8909465481131886,朱璐
155,ac2039688164182511,欧丽
156,ab5982998475670811,杨秀华
157,ac3537832920423641,马欢
158,af7463673282057005,卞强
159,ad7192420297307147,唐红霞
160,ad5400303539649777,罗雪梅
161,ad9179970967085511,蒋建军
162,ab6713122943885129,胡洁
163,ae3492115385853980,程凤英
164,ab4004406948191950,张桂英
165,ac9825237111692468,王婷
166,ad7676411391504319,童飞
167,ae7356085816094105,姚宁
168,ae1087095755904944,苑冬梅
169,ab9512260431621729,唐雪梅
170,ac1324512892309051,徐林
171,ad5976705661786320,单凯
172,ac2147926345056407,陈建平
173,ab4284487369262311,孙春梅
174,ab4222861420424384,徐旭
175,ac3247563610418230,卢桂花
176,ab8026662504574666,刘雪
177,af8878713279948508,颜晨
178,ae6590423809384964,张雪
179,ac9375623995022233,陈超
180,ac2463685618257044,张鹏
181,ac4713621488336400,徐婷婷
182,ab7634380917904531,罗明
183,ad9384045810088744,谢萍
184,ae7033990114822178,蔡洁
185,ac2433927517298955,卢勇
186,ab8855780295229722,徐秀英
187,ab5239600265249911,韦桂英
188,ac8355158121362544,徐斌
189,ae3748913715197667,李亮
190,ac1213147299447959,夏楠
191,ac3956721622474192,李秀芳
192,ad1625286526155785,周秀华
193,ad6777952291993201,刘秀梅
194,af7120553451704990,罗红梅
195,af9459897289456856,张林
196,ab8899656533510502,王红霞
197,ad6229484227075803,吴慧
198,ad1976400849516866,王秀英
199,af4113672767410700,薛娜
200,ad6460245337309809,冯红梅
201,af4469530912978521,官波
202,af3294333691199661,黄玉兰
203,ab4927656147121104,韩东
204,ab9336838697254900,郭瑜
205,af7480052037738149,林秀华
206,ac4884782303682134,张勇
207,ab6982923583483949,刘桂荣
208,ad3827499906473191,李建平
209,ab9106904186376352,罗波
210,ad3785786685736926,马洁
211,ae4624498532235524,曹坤
212,ad2146505246145019,邹强
213,ac6989153311448830,刘丹丹
214,ae7738596143084908,吴静
215,ac6126046111392431,栾浩
216,ad5935378728684245,李小红
217,ab3584287422103479,吴斌
218,ac8077485179905608,关秀芳
219,af6897065717443620,秦淑珍
220,ad4979254837114697,李明
221,ae2924852625041438,李雪梅
222,af8149331578796738,殷云
223,ac1763772569022808,赵伟
224,ad6979464273275305,何洋
225,af1841157899642331,杨丽娟
226,ac3796009419462208,邢淑兰
227,ac2793603281807350,项龙
228,ac1416255450332687,张俊
229,ac5279651373628196,何雪
230,af7921936152586461,张敏
231,ab4732951306479460,赵峰
232,af7470283167171052,汤璐
233,ae4599751653064853,陈浩
234,ac6909244272917572,宋强
235,ab7764087698872993,唐雪
236,ab4829379004534617,何柳
237,ac8242775905364175,刘淑兰
238,af1452326476004822,位瑜
239,af9263835975382342,陈芳
240,ab2201012255403711,刘淑英
241,ae5784012319416257,吴秀云
242,af3857968285487141,马琳
243,ae8340926373906514,马畅
244,af8481100423061980,张欣
245,af9081330774959334,冉琳
246,ac8759656183149559,陈丽丽
247,ae3334591536317849,黎帅
248,ac6743543113040141,陈桂芝
249,ad8004674042125713,韦坤
250,af6645246965648600,韦军
251,ac4962018315633839,方婷
252,ab3573611892924507,俞桂珍
253,ac4025045417828121,赵超
254,ad5865261184051229,许建军
255,ab2358558879579015,张婷婷
256,ac7250544860404179,梁帆
257,ac2927116205056654,庞刚
258,ab4671326941562964,章飞
259,ad5196675004960859,赵凤英
260,ae2862998166644060,杨玉梅
261,ae9150058599235723,尹淑珍
262,af7264716375695127,孙龙
263,ab8932249929599576,马超
264,af5296253124945588,李杨
265,ab4168362768598128,谢秀英
266,ad4512689483824893,李霞
267,ae7733020678116011,林博
268,af6433618101184771,林亮
269,ac2976374247857017,李秀英
270,ad5374275739021918,高金凤
271,ab4027584246621516,雷瑜
272,ae2486590075728767,顾燕
273,ae2149569126044778,范淑英
274,af1242891284566940,张桂芝
275,ae6083590258215160,田桂香
276,ab6789371462423713,孔冬梅
277,ae8807903234601864,乐丹丹
278,ae1452922261752609,刘桂芝
279,ad3948531036681075,吴勇
280,ac3943965811125465,邹雷
281,ad8923092649145141,李洋
282,ae7773499628344152,丁雷
283,ae8520209645919725,白秀云
284,ab1174588145567589,谢宇
285,af4152166486344283,何琴
286,ac1618061471143927,葛婷
287,ab1279493941226861,罗红霞
288,ac8559100347534645,梁明
289,ab2372536777464461,李桂芳
290,ac5265457117824148,陈秀英
291,ab9536636470087522,黄玉华
292,ac7300220804331416,戴洁
293,ad4322714548039453,冯波
294,ac6469600504072341,潘桂珍
295,ab8379611853610592,张华
296,ac3801589835788492,季桂珍
297,ab1231290769288917,祝桂珍
298,ad7101003516996098,张红霞
299,ae9480010902644003,刘莉
300,ac6333142822224198,杜坤
301,ac7279753725522988,尤桂花
302,ad7163260246905176,许英
303,af2090366807151791,熊宇
304,af1369920304663110,韩秀云
305,ad4858484942732824,吴霞
306,ad5557287014737417,岳佳
307,ad8652296040983502,亢帅
308,ae5415345876289388,朱凯
309,ab9654004481123249,黄建平
310,ad9030595140924568,宋磊
311,ae2378021819952632,臧阳
312,ae7609440028970953,何刚
313,af6858803394890065,阎桂荣
314,ad8279611434790531,韩飞
315,af5354958431282915,张华
316,ae8437553787588431,周彬
317,af3903059742429687,王玉华
318,ac9418328446683555,盛瑜
319,ab8941026361104236,王敏
320,ae7759686865802635,吴玉兰
321,ae6497380197739158,项淑华
322,ae1258506936424145,邓坤
323,ae3927470543637389,阴鑫
324,ac2910605410734749,刘雪梅
325,ad3327033887505886,耿雷
326,ad8929215204176585,刘云
327,af8927301459199802,孙畅
328,ad1091433650901539,杨杨
329,af2720885798255295,谭东
330,ab7485856920109712,刘林
331,ae6000580981551128,冶芳
332,ac5288265818195487,林斌
333,ae8142103041413421,王斌
334,ab3650235739461678,王敏
335,ac7231062980515078,王兰英
336,ac6980421152277691,江玉兰
337,af5262752331243479,陈英
338,af4096291448618997,徐梅
339,ae7718789125356895,赵娜
340,af4168828291726619,蔡桂芝
341,ae3761815458760546,陈淑珍
342,ad2086769449962123,许柳
343,ac2076852735590406,余阳
344,af7865195774031403,梁瑞
345,ac2949018326881352,崔淑珍
346,ae7526478871735806,刘英
347,af7847346000456428,汤桂花
348,af3549026998667050,张欢
349,ab2748458992509415,李玉珍
350,ad4250526715926078,王桂芳
351,ac1127437272869053,王帆
352,af3470774969974188,杨凤英
353,ab1491129399895178,刘柳
354,af7281777472173965,杨丽
355,ac8822405200997622,马金凤
356,ae8860756959932170,施浩
357,ab3561100054126459,林雷
358,ae4967392196395946,阮成
359,ad9696429097940254,胡建军
360,ab9476346676309088,杨超
361,ae8404957900001422,刘婷婷
362,ab5429259759469379,杨萍
363,ab6669543992600710,史岩
364,ab2343852968907987,朴军
365,af3736709992834554,刘欣
366,ab3235508976610068,吕明
367,ab7885496397357005,张波
368,ae6369433278620203,潘岩
369,af7986826133184970,解超
370,af5057873850070105,佟桂兰
371,ae8747692782376363,王桂花
372,af4862558535757904,叶静
373,ad6593716308947811,陈军
374,ab9647893499037042,夏娜
375,ab7870126382368110,梁柳
376,ac2900744758378698,李晶
377,ad1731272558268818,何丽丽
378,ac2565572444179945,姜利
379,af2409917826593694,包斌
380,ab5057775186680717,张玉梅
381,af3623432467164969,王文
382,ab3595015939458757,宋杰
383,ad8742647937990157,孙静
384,ae7191410411263536,马亮
385,ac3382899068628791,韦利
386,af8240939743693472,李辉
387,ac2033813339007065,江秀兰
388,af6833374007368870,高秀云
389,ac3392605628147481,谢玲
390,ac1537171866413646,罗海燕
391,ac3770721166701735,罗楠
392,af8424099001020799,赵志强
393,af3599575862068758,高琳
394,ae5221652738352163,靳晶
395,ad4625475094200097,杨伟
396,ad5863721899749850,梁冬梅
397,ae1724554273060633,潘桂花
398,af9011205099933948,熊红霞
399,ae3903216363301469,杜华
400,af1232968691391598,冯成
401,ab9664122545326686,刘桂香
402,af9563922496761919,刘红梅
403,ab7888350151866953,李浩
404,ad1362373160692779,谌丹
405,ac5674412497518059,段林
406,ae3505412977082112,王辉
407,ac6272184011870620,袁军
408,ae8334067406192708,文想
409,ae1821841859182850,张丹
410,ae4678074047822291,黄静
411,ad7036023862681533,林明
412,ab2448584483726704,万刚
413,ad7248058197217950,何桂芳
414,ae6968021504435263,张洁
415,ae7849973820185884,刘凤兰
416,af5096707468262335,张建军
417,ab3273404850025026,叶兵
418,ad9738644037536178,周勇
419,ae5635072291063736,蒋刚
420,ab8830565723860554,柴辉
421,af4722201031513341,郭建军
422,ab5669686818367698,李桂芳
423,ad7813435713351405,黄辉
424,ae4981553333619090,夏军
425,ab3405427373171860,武海燕
426,af9355730588046646,易建军
427,ad8933961823608902,杨静
428,ae1260030726522806,朱婷婷
429,af3155402705752884,李芳
430,ac5961517490229816,钟芳
431,ab4674853699770678,曹婷婷
432,ab9937458540870498,黄婷
433,ab9530365377508077,朱春梅
434,ab8495279059160403,王燕
435,ac9400593099262332,曹帆
436,ad7353783529762740,李丹
437,ad8518522424791851,洪帆
438,ae5253379042824176,黄亮
439,ac5965353523246405,董娟
440,ac2716863284457850,周宇
441,af7722003958240054,雷红梅
442,ac1628795513036425,黄鑫
443,ad8115746220837276,廖利
444,ae9414959084113993,李淑华
445,af8390849589931371,刘欢
446,ab7539685923398329,马淑华
447,ad6286665956676196,宋凯
448,af6944221848047661,李雪
449,ae2338431489816565,许刚
450,ae5362559509523123,卢秀兰
451,ad5971228504443114,杨秀兰
452,af5101377560204951,陈雪
453,ad2699230236161879,张艳
454,ac4449496849699997,孙坤
455,ac7985484515650188,颜秀兰
456,ae3865877245261866,江建国
457,ae9227446676115568,王柳
458,ae9902841797578387,吕芳
459,ac9690365939702703,简婷婷
460,ab5524233192484079,姚小红
461,af8833562212309715,刘艳
462,ab8611441717375159,张明
463,ae5737345060779186,李彬
464,ae7507193346937336,马彬
465,ac8844665037708238,徐琳
466,ac5228795056255420,陈春梅
467,ad6613820062724849,李丽丽
468,ae1723417017594354,温瑞
469,ad7074075259800225,冉建平
470,af9594123817241523,陈梅
471,ad7473630803683623,李龙
472,ae5873039281159760,周红霞
473,ab1616278919336653,谌瑞
474,ac7164522026124466,孙琴
475,ad3049017216716331,彭雷
476,ab9812080754376968,马浩
477,ab6708293975021193,张玉华
478,ab2498481635420898,高强
479,ad1260734164847801,王晨
480,ab8171020524500959,刘丽华
481,ab4228751514707611,谷伟
482,ad2311173760875847,陈玉
483,ac4711433845670938,胡娜
484,af8138380308183059,梁楠
485,ac2576885087898727,张凤英
486,ab8843828375988049,朱凤英
487,ae7153131723675306,王强
488,ac9222034125856492,刘建国
489,af3091366219996402,何亮
490,ae3287626875680709,曹伟
491,ae7006366831187786,鞠桂芳
492,ab8247490589843088,何秀珍
493,ae3590758208383276,沈丽娟
494,af1665286817683251,夏东
495,ae4112579744069221,兰峰
496,af6755047008100202,敬玉兰
497,ae3252683246854895,曹柳
498,ae3721273434461850,张秀兰
499,ac4465012107997746,李英
500,ae3136557709271294,邢慧
501,ae4233215182112408,靳玉兰
502,af9941375856724735,董慧
503,ad9808539931661661,马柳
504,ae1072938313504948,王超
505,af7177133054725784,杨玉华
506,ab6462025490542926,方琳
507,ae9143910110293533,王旭
508,ad8195495186757094,冯娜
509,ac8223162641620104,陶斌
510,ad6734143058030182,曲建华
511,ac3257446067419454,伍玉兰
512,ac1875175299309117,翁兰英
513,ab8103172859804064,张小红
514,ae6220335323091948,王欢
515,ad2183653182565891,罗小红
516,ab3658120511610458,徐欢
517,ad4742521748023270,陈林
518,ac2190389703199157,黄建华
519,af9750402629515452,张佳
520,ad5519763869298942,王秀珍
521,ad2482085111552665,马涛
522,ad8428145569275054,王桂花
523,ae8264202601692052,李博
524,ad8839838940070758,何涛
525,ad2037358315220764,陈彬
526,ae1678239601175771,章桂花
527,ac9705459566416486,蒋璐
528,ac7091783443459223,吴桂英
529,ae8617790078811504,林冬梅
530,af1813373887573787,汤柳
531,ae3382027576847453,赵博
532,af5096347064206056,单岩
533,ad7746498863627021,赵玉珍
534,ad4431973437946618,余波
535,ad7078384211530231,朱雪梅
536,ac1225401908671817,刘凯
537,af9495315965261547,刘萍
538,af9243890485737515,黄娜
539,af6833532906374476,冯璐
540,ab8420628179735768,张桂芝
541,ae7314743997243596,李桂珍
542,ad4677602895400568,王玉兰
543,ab1408447695220016,张涛
544,ab9970517246301765,黄秀梅
545,ae1875426502808167,刘晨
546,ac5841789163007258,赫磊
547,ac5086057460976385,王欢
548,ad9551261291215875,管刚
549,af6290289112278033,郑颖
550,ac4736947472890461,李桂花
551,ab5407649343695082,杨彬
552,af9458239762647120,王淑珍
553,ad7217493582452787,沈洁
554,ad4993637618646126,傅建平
555,ae3126717268759904,段云
556,ad9835409579560442,王超
557,ad9121759725395265,徐坤
558,ad4586121858561525,卜成
559,ad9720828830534443,赵利
560,ab8638405843410671,雷楠
561,ae6969687107594443,徐红
562,ac6760039231340146,杨桂英
563,af1192371461034566,张婷婷
564,ab4003985110458075,席玉梅
565,ac2134223505448431,王敏
566,af1617982250736198,王梅
567,af6281668202513392,刘桂花
568,ac8833521328766322,李兰英
569,ac7974890860903046,罗婷
570,ac9111263874059916,梁玉华
571,af3497467660227747,黄秀梅
572,ac2170868160861942,张桂兰
573,af8192370490302364,张玉华
574,ac6954276843332110,唐艳
575,ab1133848926903105,黄军
576,ad8101560018202463,赵杰
577,ac3916272438186155,吴秀梅
578,ab3390218768082478,张荣
579,ab7680800698515309,傅华
580,ae2023660469881484,李小红
581,ab5037705095397736,林娟
582,ad6347266552631303,李燕
583,ab5538176055451803,陈刚
584,ac6540391613284969,董丽丽
585,ab8054684475660494,罗芳
586,af5125678160553273,徐莹
587,ab9994469232918753,林婷婷
588,ae4617448434110139,高峰
589,ae1972435082188261,夏红梅
590,ae9193855767703209,蒋慧
591,ae9099874844199309,杨红梅
592,ab6479056803228564,任飞
593,ac2136629017251089,呼秀梅
594,ad6702250371695993,何飞
595,af7414501652010580,朱红霞
596,ad9958809494188871,王玉英
597,af3656203328098982,江春梅
598,ae6453201887972255,张冬梅
599,ae8143574716269165,史英
600,ab6897131199078381,夏斌
601,af8795660795999981,李旭
602,ac5067245682135106,游坤
603,ac4052825876606897,曾文
604,ae4746901116792425,郭杨
605,ab4843945532697397,邱勇
606,ad3295843264954969,李秀珍
607,ad2374853191869356,莫旭
608,ae1821679071667730,朱丹
609,ab4889995230080385,缪燕
610,ab7654483792486894,张秀珍
611,ad2171975507549373,张飞
612,af6282406304770515,赵秀兰
613,af3969186318580586,严凤英
614,ab4184926172823865,王娟
615,ae9249188500064623,鲁华
616,ab3590737022122213,刘强
617,af4167346449229489,罗慧
618,ab5570367376127948,何帅
619,ac6915351747159434,陈玉珍
620,ae8631573732564097,孙桂英
621,ab8614445943591438,刘阳
622,af2034792344255268,高秀梅
623,ad3037058209593300,黄利
624,ae6052732005947069,崔建华
625,af7079649101849443,郑丽娟
626,af6485334774714929,刘雪梅
627,ad2625039655500246,黄强
628,ad7867174688035082,程丽华
629,ad4060868236042759,姜超
630,ad2633955909477920,祝文
631,ac6920833893198679,刘亮
632,ae2277890508380594,李芳
633,ab7720374376853118,赵雷
634,af4388455242625745,王琴
635,ae4070517017977191,马慧
636,ac3806977465666725,李桂花
637,ad9479445599826672,王玉华
638,af1765223998988060,陈慧
639,ab2417820912227766,褚东
640,af7070567119436803,佘宇
641,ab4991206902663209,张敏
642,ae6468053799457631,赵桂芝
643,ae3460468283699731,金晶
644,ac5614808163054630,朱凤英
645,ab4872318226775942,王秀华
646,ab7108844870784828,叶成
647,af5746198650189516,张红
648,ad2986250770774248,王玉华
649,ae6398241248321896,林帆
650,ab2841278282614764,高淑英
651,ad2902627327623777,王秀英
652,ac3301517342182511,杨雪
653,ad2080722555130786,许桂荣
654,ab7728506492101905,马颖
655,ae2163601884370352,张凤英
656,ae7338107000967447,黄龙
657,ac6032535588417899,李玉华
658,ad4576496886352419,汤博
659,ab1168806973183603,郭帅
660,ae1701324871159084,梁彬
661,ad4866649860305872,蒋倩
662,af7390599540818441,丁萍
663,ae2037390464265010,万晨
664,ae9702750587542250,刘桂香
665,ad8217667509313915,杨佳
666,af8494221691414797,霍琴
667,ad4933546176556562,周琴
668,ab4924222469078281,奚佳
669,af5719436338815239,王华
670,ab8840988484663114,田红梅
671,ad4058062867632310,井秀荣
672,ac8017668754537532,李倩
673,ac5598024811419980,孙东
674,ab5593237873768382,潘成
675,ac7991643713113434,晏想
676,ad7551647700495369,宋秀芳
677,ac1925978783915397,王勇
678,ac2776863429468715,郑阳
679,ac2376930447675884,叶冬梅
680,ab9568477696225990,陈勇
681,ae7795443413819612,张静
682,af6219384960700166,马洁
683,ae9324040387117925,王桂珍
684,af6722260704533721,杨凤兰
685,af8784444928575073,黄玲
686,ad4961029942125795,陈艳
687,ab4983055900063319,徐丽华
688,ad3474042021659416,房华
689,af4170012523219917,黄秀兰
690,af3795903769258175,黄淑兰
691,ae1338737421656209,时建国
692,ab8491257771595348,许伟
693,ad6806637199959186,曾帅
694,ab6350995021344900,蒋静
695,af5167734836162973,金勇
696,af9594953494572396,王玉华
697,ab9187992009195371,蒋磊
698,af2695509859193304,黄华
699,ad5284086447352209,古淑华
700,af9626395217319113,杨峰
701,ab1932263241284509,刘秀华
702,ad7433985487806236,贺桂花
703,ab6819794522251163,张凤英
704,ac3231476196554736,朱俊
705,ae4957962648404638,刘秀兰
706,af6492638351544486,黎欣
707,ac4358352455789220,杨桂英
708,ad4681866673404766,李莉
709,ad6385277724704175,黄建
710,ab6682524295186092,吴成
711,ad3969587916183924,郝娜
712,ab7110297749630302,杨玉英
713,ae3269775472220990,郭凯
714,af2354443162337687,姚玉梅
715,ad6248849817718881,张丽丽
716,ac4150907909858627,文帅
717,ad6909217730557278,蔡玉梅
718,ae6359651587815881,尹刚
719,ab6034321475846703,张岩
720,ae8130657792457058,刘丹
721,ad2151063317864641,张建国
722,af6818873633605788,江丽华
723,ae4259057727884594,何超
724,ab3782019378688873,张坤
725,ac2929277624800525,萧晨
726,ad7900925593183033,谷龙
727,ae3040518312149320,张晶
728,ac1695038043126972,白阳
729,ad8098755638392165,邱颖
730,ab7943422404883451,王丽
731,af7653114086746539,翟桂芝
732,af6962127733543361,曹勇
733,ad7902286791689925,俞瑜
734,af6379515820568092,林文
735,ae2461393349745641,吴秀华
736,ac7240599641622421,吕帆
737,af9130402335948090,葛凯
738,ac4942211844535027,吴军
739,ab4281318124062646,李淑兰
740,ac5000989538874737,司磊
741,af7776935630834029,汪博
742,ae5809943469759988,孙秀荣
743,ac9697318693489064,岳英
744,ae8522033511095465,邢建国
745,ac7109644098032429,熊建
746,af4968549714673416,刘冬梅
747,ae3537976789331149,张博
748,ae5750936069013045,李楠
749,ae2459691735308703,段桂珍
750,ac6446326915388184,朱健
751,ac3251829333003735,胡军
752,ab5328775737429795,黄宇
753,ad9415368027988442,杨凤兰
754,ab8619120419725275,郭涛
755,af2123000164680883,崔兰英
756,ad7873541466707721,刘梅
757,ac5047105904977549,曹勇
758,af8485402780312623,刘波
759,ae9524531223923295,高桂香
760,ac5063399052015328,韩建
761,ad1240225812179085,陈秀云
762,ae4570939117846108,曹华
763,af3123699725267121,黄秀英
764,ae1735040679524003,郝淑珍
765,ad1253889366155089,吴波
766,ad1892463842237277,吴涛
767,ad2315496047143925,杨波
768,ac3583977043836155,凌岩
769,ae8485980662679051,王秀珍
770,ac7354905589836263,刘秀荣
771,ae6542562732936157,周桂兰
772,ab1713604116924103,黄倩
773,ab2942443008473859,郭建平
774,ac9468801691479874,姜桂芝
775,af4812339792742532,钟凯
776,ab3594988214140902,张莹
777,ac2097511466450618,魏淑珍
778,ab4781449145278220,胡磊
779,af1565717875647989,张飞
780,ab9152839363832448,乔玉梅
781,ae5828344667595722,陆欢
782,ab5642093562055818,姚超
783,af7472070077589577,陈霞
784,ac4866240616549644,杨宇
785,ab4177883302635826,凌文
786,ac4752107355604085,俞玉兰
787,ac7018746683768024,曹文
788,ab9778906811438442,顾欢
789,ad9587495341256345,方雪
790,af5569602726622358,李金凤
791,af1183156965435161,宋辉
792,ae5234600986617377,白瑞
793,ab4484715855860267,范瑜
794,ad7731228454533429,周秀英
795,ab8102357022867714,梅倩
796,ab3171867658254844,翟梅
797,ab6241319408606509,刘楠
798,ad1399338042237343,池佳
799,ad4049364700761729,王云
800,ac8017894228788720,林雷
801,ae7263509639165783,刘玉珍
802,ae2641814091722960,靳宁
803,ac7449559385889619,白楠
804,ae3643092968031507,董东
805,ac8125677349725014,张辉
806,ac1377458415315114,陈晨
807,ad3792918162171540,郭瑜
808,af9909224171143929,徐琴
809,af3281647574661664,丁欢
810,ab6826762027543667,刘雪梅
811,ac4215338300674125,朱建华
812,ab6906305305080999,万玉梅
813,ad2121172321306137,荣玉兰
814,ad9011782331042733,萧涛
815,ae4960796263049708,赵静
816,ae9770522243078832,古桂英
817,ac7233597405506745,陈莉
818,ae9325447788688043,刘秀梅
819,af8216100253617835,吴英
820,ab4823554808381541,王阳
821,ab6426418150032690,傅英
822,ac3646011434776012,陈霞
823,ad1721194169129812,刘洋
824,ad3662886857113748,朱玉华
825,ad6427934339238158,乔玉梅
826,ae7212847003056963,何淑兰
827,ae5027383753407420,盛龙
828,ab8836600449925655,陈欢
829,ad9990541717366805,王敏
830,ae6759827201049238,高峰
831,ab7045484618999259,卓小红
832,ae5621467975284063,王丽
833,ac1280491226431876,赖桂芳
834,ac6472530714485836,王斌
835,ae2136976776959447,王强
836,ab8012243793916276,曹建国
837,ad4448443682285212,李小红
838,af6450206263535488,苏瑞
839,ac5052545078493897,张博
840,ad4998650510099676,萧辉
841,ab2240247286139311,马坤
842,af4585169691799180,王欢
843,ad3510213605858524,李凤英
844,ac2021854154531953,董玉梅
845,ab2675774844547083,张红梅
846,ae4485673127081024,胡红梅
847,af3357873126774200,刘飞
848,ad5019671506080383,林宇
849,ac6511302018615482,卫阳
850,ad9254908648699679,林涛
851,ae2104619203650372,李小红
852,ac1667003493995246,陈桂英
853,ae9094579575436556,董欣
854,ae1790750712075990,王琴
855,ad4129328925117543,高亮
856,ab5883444602281194,关雪
857,ad3701770185658423,陈明
858,ac7391184976584452,王秀梅
859,ac4256035295866787,廖博
860,af2093134564451850,冯婷
861,ac2250891152019691,陈玉梅
862,ac5449757017006987,庞梅
863,ab5990182317340403,周凤兰
864,af5210018722313823,李斌
865,af6511938246750176,邓桂香
866,ab3785840624623161,徐桂英
867,ae7457564932175350,杨琴
868,ae4700112288382365,邢建军
869,ae6178243741540068,王洁
870,ab9758418107361906,周明
871,ad1668020497206600,陆霞
872,ae7125875200317489,王秀梅
873,af2155936092823268,李柳
874,af6294305854458084,吴帆
875,ac9703337911113296,周玉华
876,ac5529392764064361,刘兰英
877,ab2118344335198005,王瑞
878,af3739309323748744,卢文
879,ac3906267625892530,侯兰英
880,ac9534170222786545,陈岩
881,af3558481502166398,霍利
882,ab2768127442955133,陈敏
883,af2127434388925509,陈平
884,ad5805143330237433,何桂香
885,ab6773503356248637,钟帆
886,ac9481240101470741,盛军
887,af2542035655444101,王帅
888,af9124500671161220,罗桂荣
889,af8588834999942334,陈淑珍
890,af8433063852914100,蔡凯
891,ab1409482530850148,石宇
892,af6864856288787779,方敏
893,ac6153354163907779,明丽娟
894,ae6755520824400520,赵勇
895,ab9007371661995018,王慧
896,af6781787433757682,彭婷
897,ad3205665349223816,许慧
898,ae5085159421059155,杨小红
899,ab1539648418445985,王秀华
900,ac4743585577598061,姚兵
901,ae2837676766801528,刘莉
902,ad2294054777034315,张敏
903,ad7470440650950946,邓海燕
904,ad9899325714531278,周亮
905,ad4591322698129006,熊娜
906,ac4337532158439648,范志强
907,af1956418614648768,张建华
908,ad5201608630143065,董淑英
909,ab5049601258128914,李鹏
910,ac1871999225237146,刘岩
911,ab9515267832010083,董慧
912,ae6542830805735315,杨超
913,ae9671101950272522,张斌
914,ac3949280226612615,温静
915,af3816685599612799,汪红
916,ac2435231024049196,陈淑华
917,ae5636232495127018,张洁
918,ae8918010575533896,许丽华
919,ad1208754726643854,黄英
920,ab4542012049147623,张红霞
921,af9707137623363886,钟想
922,ac6254296410240102,萧东
923,ad1455223792688143,李桂英
924,ad6381969809597169,黄兰英
925,ae5834081408208479,王娜
926,ab1968248180885982,刘冬梅
927,ae8948451736817510,冯杰
928,ad4294633882679295,李桂兰
929,ae1407508068733441,陈强
930,ae6136639371815829,杨宇
931,af4265322737266185,宋建平
932,af1662315261349139,詹红
933,ae5056431273108476,王建
934,af8433743482209847,孙娟
935,af6503788763749113,王秀荣
936,ab9782761996326250,姚阳
937,ab4361470730919871,马坤
938,ad9457295512867112,孙玉
939,ad2299445597955527,廖小红
940,ac5585769234268953,熊倩
941,ae1362583286946576,赵丽华
942,ab2234313638462469,史凯
943,ad5267109296157908,向桂荣
944,af2341539292623825,李桂荣
945,af5643262914905932,王颖
946,ac9389021725463004,岳桂花
947,af2463687567847201,段淑英
948,ae6552945996824115,梁岩
949,ad4029784149776069,萧亮
950,af5591095963633129,刘伟
951,af7383762319775518,王坤
952,af5277449411990301,杨兵
953,ab3983539268956807,吕丹
954,ab4751864300116213,王柳
955,af8176526600862064,程博
956,ab5274727678841224,徐建军
957,ad6905038724690405,李秀芳
958,af3049526514833671,吕萍
959,ab5327499884513299,王浩
960,ac6665755604719384,李坤
961,af8576561860253255,侯丹
962,ae8400864940859644,叶凤兰
963,ac6157250835743047,胡志强
964,ab1170571150605815,蒋桂兰
965,ae4772034900174471,赵萍
966,ac7219475195511034,王洋
967,ac5519986690162274,刘玉
968,af5247846868435666,张海燕
969,ab2243735365889929,高秀荣
970,af6052016301987984,王彬
971,ad6964811917916911,赵博
972,ae4394134522309546,伍红
973,ad2559888986199860,张柳
974,ae5801983512901640,徐秀芳
975,ad4191132982382541,李畅
976,ad5361108117650071,陈明
977,ac3220450664157272,宫婷婷
978,ad3688643334325325,周斌
979,ac9763201911337554,李桂芝
980,ad3603118565764428,章桂荣
981,ac7349970377773077,姜琴
982,ae5321683354260749,王淑英
983,ad9410025114213721,马桂芝
984,ad2097743337296007,范慧
985,af5892627786210718,宋丽丽
986,ae9828502397718178,甘琴
987,ae4108696548781943,王桂荣
988,ac1378898967370495,蔡淑珍
989,ad7432413413503132,赵凤英
990,ab9322737574201208,柳秀英
991,ae3309840524134616,姜凤英
992,ae2820066325190394,苏建军
993,af9403933607818278,娄燕
994,af3446549505820745,苏淑华
995,ac6545524802766326,蔡丽娟
996,af3183867343673086,李鑫
997,ab9153173654650140,冯秀梅
998,af6746091685682681,胡淑华
999,ac1902501703356068,周建平
1000,ae7461384578441067,钟建军
