自增ID,款式编码,商品编码,商品名称,颜色及规格,颜色,规格,基本售价,市场吊牌价,分类,商品属性,创建时间,季节,面料成份
1,SPU000,SPU000-黑色-XXXL,家居服春季款,黑色 加长,黑色,加长,193.0,324.0,内衣,XXXL,2025-02-27 18:27:46,春季,涤纶
2,SPU000,SPU000-黑色-XS,家居服春季款,黑色 加长,黑色,加长,274.0,793.0,内衣,XS,2024-03-18 02:08:36,春季,麻
3,SPU000,SPU000-黑色-S,家居服春季款,黑色 修身,黑色,修身,254.0,521.0,内衣,S,2024-10-23 07:38:23,春季,羊毛
4,SPU000,SPU000-黑色-XXXL,家居服春季款,黑色 宽松,黑色,宽松,309.0,300.0,内衣,XXXL,2025-06-27 15:03:26,春季,混纺
5,SPU000,SPU000-黑色-XS,家居服春季款,黑色 加长,黑色,加长,178.0,689.0,内衣,XS,2025-04-24 08:55:42,春季,麻
6,SPU001,SPU001-紫色-XS,套头卫衣热卖款,紫色 标准,紫色,标准,340.0,149.0,男装,XS,2024-05-05 13:05:30,冬季,棉
7,SPU001,SPU001-紫色-XXXL,套头卫衣热卖款,紫色 标准,紫色,标准,174.0,628.0,男装,XXXL,2025-04-22 05:30:35,冬季,麻
8,SPU001,SPU001-紫色-S,套头卫衣热卖款,紫色 短款,紫色,短款,399.0,446.0,男装,S,2025-05-24 03:23:48,冬季,棉
9,SPU002,SPU002-灰色-均码,运动长裤夏季款,灰色 加长,灰色,加长,432.0,777.0,运动,均码,2023-11-30 08:16:19,秋季,棉
10,SPU002,SPU002-灰色-XXL,运动长裤夏季款,灰色 短款,灰色,短款,96.0,257.0,运动,XXL,2024-11-27 16:07:14,秋季,棉
11,SPU002,SPU002-灰色-M,运动长裤夏季款,灰色 修身,灰色,修身,497.0,703.0,运动,M,2025-05-19 19:06:43,秋季,混纺
12,SPU002,SPU002-灰色-XXXL,运动长裤夏季款,灰色 宽松,灰色,宽松,127.0,234.0,运动,XXXL,2024-01-11 12:11:01,秋季,丝
13,SPU003,SPU003-红色-XS,家居服新款,红色 标准,红色,标准,447.0,130.0,内衣,XS,2024-05-29 15:43:19,夏季,棉
14,SPU003,SPU003-红色-XL,家居服新款,红色 修身,红色,修身,169.0,582.0,内衣,XL,2025-08-16 08:06:10,夏季,麻
15,SPU003,SPU003-红色-XL,家居服新款,红色 宽松,红色,宽松,466.0,508.0,内衣,XL,2025-10-05 10:03:58,夏季,棉
16,SPU003,SPU003-红色-M,家居服新款,红色 标准,红色,标准,438.0,627.0,内衣,M,2023-11-22 01:17:09,夏季,麻
17,SPU003,SPU003-红色-均码,家居服新款,红色 修身,红色,修身,285.0,268.0,内衣,均码,2024-03-01 20:10:03,夏季,麻
18,SPU004,SPU004-绿色-XL,童装套装新款,绿色 标准,绿色,标准,398.0,438.0,童装,XL,2024-05-18 13:29:03,夏季,棉
19,SPU004,SPU004-绿色-XL,童装套装新款,绿色 标准,绿色,标准,370.0,347.0,童装,XL,2024-05-26 06:51:04,夏季,涤纶
20,SPU004,SPU004-绿色-L,童装套装新款,绿色 修身,绿色,修身,84.0,446.0,童装,L,2023-11-21 09:40:13,夏季,涤纶
21,SPU004,SPU004-绿色-XS,童装套装新款,绿色 宽松,绿色,宽松,261.0,370.0,童装,XS,2023-11-19 03:56:49,夏季,麻
22,SPU004,SPU004-绿色-S,童装套装新款,绿色 标准,绿色,标准,144.0,513.0,童装,S,2024-02-16 19:59:15,夏季,羊毛
23,SPU005,SPU005-粉色-XL,条纹衬衫秋冬款,粉色 加长,粉色,加长,345.0,693.0,男装,XL,2023-12-22 02:19:00,夏季,棉
24,SPU005,SPU005-粉色-M,条纹衬衫秋冬款,粉色 宽松,粉色,宽松,463.0,370.0,男装,M,2025-05-19 03:12:03,夏季,麻
25,SPU005,SPU005-粉色-L,条纹衬衫秋冬款,粉色 加长,粉色,加长,135.0,294.0,男装,L,2024-08-22 11:38:20,夏季,涤纶
26,SPU005,SPU005-粉色-XL,条纹衬衫秋冬款,粉色 短款,粉色,短款,342.0,203.0,男装,XL,2025-04-11 05:43:24,夏季,棉
27,SPU005,SPU005-粉色-S,条纹衬衫秋冬款,粉色 宽松,粉色,宽松,57.0,423.0,男装,S,2024-12-06 14:18:32,夏季,丝
28,SPU006,SPU006-绿色-均码,训练外套夏季款,绿色 标准,绿色,标准,170.0,749.0,运动,均码,2024-12-16 15:47:24,春季,棉
29,SPU006,SPU006-绿色-XXL,训练外套夏季款,绿色 加长,绿色,加长,145.0,378.0,运动,XXL,2025-05-03 19:36:58,春季,麻
30,SPU006,SPU006-绿色-XXL,训练外套夏季款,绿色 修身,绿色,修身,249.0,359.0,运动,XXL,2024-03-05 19:16:01,春季,棉
31,SPU007,SPU007-米色-XXXL,羽绒服新款,米色 宽松,米色,宽松,182.0,382.0,女装,XXXL,2024-10-12 18:31:42,秋季,羊毛
32,SPU007,SPU007-米色-XL,羽绒服新款,米色 短款,米色,短款,323.0,463.0,女装,XL,2024-09-29 16:28:13,秋季,棉
33,SPU007,SPU007-米色-XS,羽绒服新款,米色 宽松,米色,宽松,482.0,254.0,女装,XS,2024-09-28 16:57:21,秋季,棉
34,SPU007,SPU007-米色-XS,羽绒服新款,米色 短款,米色,短款,170.0,146.0,女装,XS,2025-10-22 07:27:12,秋季,棉
35,SPU007,SPU007-米色-XL,羽绒服新款,米色 宽松,米色,宽松,447.0,590.0,女装,XL,2024-08-09 15:19:01,秋季,麻
36,SPU008,SPU008-米色-S,开衫春季款,米色 宽松,米色,宽松,380.0,716.0,女装,S,2024-06-04 00:27:26,夏季,丝
37,SPU008,SPU008-米色-均码,开衫春季款,米色 宽松,米色,宽松,127.0,243.0,女装,均码,2025-01-28 13:44:25,夏季,混纺
38,SPU008,SPU008-米色-XL,开衫春季款,米色 短款,米色,短款,180.0,102.0,女装,XL,2023-12-23 16:19:05,夏季,涤纶
39,SPU008,SPU008-米色-均码,开衫春季款,米色 标准,米色,标准,434.0,582.0,女装,均码,2024-04-19 08:56:52,夏季,涤纶
40,SPU009,SPU009-橙色-S,开衫热卖款,橙色 宽松,橙色,宽松,134.0,730.0,女装,S,2025-06-24 02:05:19,秋冬,涤纶
41,SPU009,SPU009-橙色-XS,开衫热卖款,橙色 加长,橙色,加长,243.0,115.0,女装,XS,2024-06-13 18:25:37,秋冬,丝
42,SPU009,SPU009-橙色-S,开衫热卖款,橙色 宽松,橙色,宽松,356.0,697.0,女装,S,2024-12-12 18:35:48,秋冬,羊毛
43,SPU009,SPU009-橙色-XXL,开衫热卖款,橙色 加长,橙色,加长,312.0,442.0,女装,XXL,2025-10-12 04:16:14,秋冬,涤纶
44,SPU010,SPU010-黑色-XS,套头卫衣秋冬款,黑色 修身,黑色,修身,305.0,793.0,女装,XS,2025-01-10 16:22:08,夏季,涤纶
45,SPU010,SPU010-黑色-M,套头卫衣秋冬款,黑色 宽松,黑色,宽松,399.0,170.0,女装,M,2023-12-20 07:47:05,夏季,混纺
46,SPU010,SPU010-黑色-XXL,套头卫衣秋冬款,黑色 加长,黑色,加长,271.0,346.0,女装,XXL,2024-05-27 17:45:31,夏季,羊毛
47,SPU010,SPU010-黑色-XL,套头卫衣秋冬款,黑色 加长,黑色,加长,164.0,421.0,女装,XL,2024-07-28 16:26:57,夏季,丝
48,SPU011,SPU011-棕色-XXL,运动T恤春季款,棕色 短款,棕色,短款,399.0,700.0,运动,XXL,2024-09-29 19:05:43,秋冬,羊毛
49,SPU011,SPU011-棕色-均码,运动T恤春季款,棕色 修身,棕色,修身,171.0,464.0,运动,均码,2025-09-05 13:14:48,秋冬,混纺
50,SPU011,SPU011-棕色-XS,运动T恤春季款,棕色 宽松,棕色,宽松,490.0,699.0,运动,XS,2025-10-18 12:03:01,秋冬,混纺
51,SPU011,SPU011-棕色-M,运动T恤春季款,棕色 标准,棕色,标准,274.0,271.0,运动,M,2025-10-21 16:45:05,秋冬,混纺
52,SPU012,SPU012-米色-XXL,条纹衬衫夏季款,米色 宽松,米色,宽松,385.0,236.0,男装,XXL,2025-02-03 03:40:23,冬季,麻
53,SPU012,SPU012-米色-S,条纹衬衫夏季款,米色 标准,米色,标准,445.0,575.0,男装,S,2024-10-06 10:12:50,冬季,麻
54,SPU012,SPU012-米色-M,条纹衬衫夏季款,米色 标准,米色,标准,460.0,344.0,男装,M,2025-08-03 10:21:13,冬季,丝
55,SPU012,SPU012-米色-XXXL,条纹衬衫夏季款,米色 短款,米色,短款,238.0,796.0,男装,XXXL,2025-07-03 07:01:54,冬季,丝
56,SPU012,SPU012-米色-L,条纹衬衫夏季款,米色 修身,米色,修身,311.0,591.0,男装,L,2025-05-11 07:29:23,冬季,羊毛
57,SPU013,SPU013-米色-均码,套头卫衣新款,米色 短款,米色,短款,486.0,655.0,运动,均码,2024-11-02 06:11:03,春季,丝
58,SPU013,SPU013-米色-S,套头卫衣新款,米色 修身,米色,修身,275.0,580.0,运动,S,2025-07-31 10:22:44,春季,麻
59,SPU013,SPU013-米色-M,套头卫衣新款,米色 短款,米色,短款,485.0,537.0,运动,M,2025-01-17 02:32:41,春季,混纺
60,SPU014,SPU014-灰色-均码,西装外套春季款,灰色 标准,灰色,标准,79.0,306.0,女装,均码,2025-09-13 00:28:08,秋冬,麻
61,SPU014,SPU014-灰色-XS,西装外套春季款,灰色 宽松,灰色,宽松,177.0,515.0,女装,XS,2025-03-22 14:00:02,秋冬,棉
62,SPU014,SPU014-灰色-均码,西装外套春季款,灰色 标准,灰色,标准,52.0,347.0,女装,均码,2025-02-25 22:57:26,秋冬,棉
63,SPU015,SPU015-灰色-M,牛仔裤秋冬款,灰色 标准,灰色,标准,445.0,650.0,女装,M,2025-09-08 03:15:28,春季,羊毛
64,SPU015,SPU015-灰色-M,牛仔裤秋冬款,灰色 修身,灰色,修身,371.0,200.0,女装,M,2024-09-03 08:58:43,春季,混纺
65,SPU015,SPU015-灰色-L,牛仔裤秋冬款,灰色 加长,灰色,加长,313.0,157.0,女装,L,2025-04-04 06:14:45,春季,涤纶
66,SPU016,SPU016-绿色-XXL,运动长裤经典款,绿色 宽松,绿色,宽松,415.0,546.0,运动,XXL,2024-03-26 00:46:32,秋冬,麻
67,SPU016,SPU016-绿色-XXXL,运动长裤经典款,绿色 修身,绿色,修身,452.0,744.0,运动,XXXL,2025-09-23 10:06:07,秋冬,羊毛
68,SPU016,SPU016-绿色-XL,运动长裤经典款,绿色 宽松,绿色,宽松,304.0,575.0,运动,XL,2025-06-07 03:53:43,秋冬,丝
69,SPU017,SPU017-白色-L,速干短裤春季款,白色 标准,白色,标准,111.0,488.0,运动,L,2024-03-15 01:03:44,春季,丝
70,SPU017,SPU017-白色-XL,速干短裤春季款,白色 修身,白色,修身,184.0,749.0,运动,XL,2025-02-13 03:09:54,春季,麻
71,SPU017,SPU017-白色-M,速干短裤春季款,白色 加长,白色,加长,402.0,684.0,运动,M,2025-09-20 00:13:45,春季,棉
72,SPU017,SPU017-白色-M,速干短裤春季款,白色 短款,白色,短款,249.0,319.0,运动,M,2025-02-06 09:36:54,春季,混纺
73,SPU017,SPU017-白色-XXL,速干短裤春季款,白色 加长,白色,加长,209.0,427.0,运动,XXL,2024-01-30 09:06:34,春季,麻
74,SPU018,SPU018-红色-XS,休闲裤秋冬款,红色 加长,红色,加长,90.0,198.0,男装,XS,2024-12-10 10:06:41,冬季,丝
75,SPU018,SPU018-红色-L,休闲裤秋冬款,红色 短款,红色,短款,280.0,189.0,男装,L,2024-07-17 04:46:25,冬季,羊毛
76,SPU018,SPU018-红色-XL,休闲裤秋冬款,红色 修身,红色,修身,390.0,375.0,男装,XL,2025-03-07 23:50:58,冬季,麻
77,SPU018,SPU018-红色-XS,休闲裤秋冬款,红色 加长,红色,加长,413.0,712.0,男装,XS,2025-04-15 11:08:43,冬季,麻
78,SPU019,SPU019-黑色-XS,针织连衣裙热卖款,黑色 标准,黑色,标准,423.0,555.0,女装,XS,2024-06-04 21:11:42,秋冬,丝
79,SPU019,SPU019-黑色-S,针织连衣裙热卖款,黑色 标准,黑色,标准,304.0,583.0,女装,S,2025-01-03 19:49:22,秋冬,棉
80,SPU019,SPU019-黑色-S,针织连衣裙热卖款,黑色 短款,黑色,短款,353.0,618.0,女装,S,2025-04-10 02:05:45,秋冬,棉
81,SPU020,SPU020-蓝色-M,家居服春季款,蓝色 短款,蓝色,短款,383.0,447.0,内衣,M,2025-04-19 22:21:48,夏季,涤纶
82,SPU020,SPU020-蓝色-M,家居服春季款,蓝色 标准,蓝色,标准,333.0,603.0,内衣,M,2025-10-22 00:11:35,夏季,棉
83,SPU020,SPU020-蓝色-均码,家居服春季款,蓝色 短款,蓝色,短款,359.0,180.0,内衣,均码,2024-05-21 22:07:13,夏季,棉
84,SPU020,SPU020-蓝色-M,家居服春季款,蓝色 短款,蓝色,短款,446.0,464.0,内衣,M,2024-12-02 00:44:23,夏季,涤纶
85,SPU020,SPU020-蓝色-L,家居服春季款,蓝色 修身,蓝色,修身,263.0,683.0,内衣,L,2024-08-02 07:15:37,夏季,麻
86,SPU021,SPU021-红色-S,速干T恤热卖款,红色 标准,红色,标准,232.0,788.0,运动,S,2024-07-27 00:28:06,冬季,涤纶
87,SPU021,SPU021-红色-XL,速干T恤热卖款,红色 短款,红色,短款,357.0,702.0,运动,XL,2024-06-24 02:51:43,冬季,羊毛
88,SPU021,SPU021-红色-S,速干T恤热卖款,红色 加长,红色,加长,116.0,115.0,运动,S,2025-04-04 16:11:42,冬季,涤纶
89,SPU021,SPU021-红色-L,速干T恤热卖款,红色 宽松,红色,宽松,280.0,590.0,运动,L,2023-11-30 00:47:17,冬季,涤纶
90,SPU022,SPU022-绿色-XL,家居服春季款,绿色 标准,绿色,标准,350.0,771.0,内衣,XL,2025-08-30 09:20:13,秋季,麻
91,SPU022,SPU022-绿色-XXL,家居服春季款,绿色 标准,绿色,标准,226.0,588.0,内衣,XXL,2025-09-22 11:11:15,秋季,棉
92,SPU022,SPU022-绿色-均码,家居服春季款,绿色 加长,绿色,加长,416.0,204.0,内衣,均码,2025-05-30 17:10:52,秋季,丝
93,SPU022,SPU022-绿色-均码,家居服春季款,绿色 修身,绿色,修身,304.0,108.0,内衣,均码,2024-01-10 19:02:41,秋季,丝
94,SPU023,SPU023-橙色-均码,休闲衬衫秋冬款,橙色 修身,橙色,修身,459.0,348.0,童装,均码,2025-01-12 22:49:02,春季,涤纶
95,SPU023,SPU023-橙色-均码,休闲衬衫秋冬款,橙色 加长,橙色,加长,175.0,787.0,童装,均码,2024-12-04 06:35:58,春季,丝
96,SPU023,SPU023-橙色-L,休闲衬衫秋冬款,橙色 标准,橙色,标准,456.0,468.0,童装,L,2024-10-24 12:18:12,春季,羊毛
97,SPU024,SPU024-白色-M,POLO衫热卖款,白色 标准,白色,标准,345.0,494.0,童装,M,2024-05-08 17:41:09,秋冬,麻
98,SPU024,SPU024-白色-M,POLO衫热卖款,白色 标准,白色,标准,403.0,561.0,童装,M,2025-07-24 14:19:48,秋冬,麻
99,SPU024,SPU024-白色-S,POLO衫热卖款,白色 加长,白色,加长,219.0,430.0,童装,S,2024-04-13 12:59:13,秋冬,混纺
100,SPU025,SPU025-黄色-XL,家居服热卖款,黄色 宽松,黄色,宽松,364.0,512.0,内衣,XL,2024-12-22 21:25:31,春季,羊毛
101,SPU025,SPU025-黄色-XXL,家居服热卖款,黄色 短款,黄色,短款,328.0,383.0,内衣,XXL,2024-06-30 03:07:30,春季,棉
102,SPU025,SPU025-黄色-XS,家居服热卖款,黄色 宽松,黄色,宽松,154.0,566.0,内衣,XS,2023-11-04 11:42:19,春季,麻
103,SPU026,SPU026-绿色-XXL,家居服秋冬款,绿色 宽松,绿色,宽松,492.0,666.0,内衣,XXL,2025-10-17 17:42:56,夏季,混纺
104,SPU026,SPU026-绿色-L,家居服秋冬款,绿色 修身,绿色,修身,455.0,222.0,内衣,L,2025-06-28 21:53:56,夏季,麻
105,SPU026,SPU026-绿色-XXXL,家居服秋冬款,绿色 修身,绿色,修身,78.0,275.0,内衣,XXXL,2024-06-15 06:01:01,夏季,棉
106,SPU026,SPU026-绿色-S,家居服秋冬款,绿色 加长,绿色,加长,394.0,525.0,内衣,S,2025-09-05 08:26:39,夏季,棉
107,SPU026,SPU026-绿色-M,家居服秋冬款,绿色 标准,绿色,标准,98.0,415.0,内衣,M,2024-11-12 06:20:00,夏季,涤纶
108,SPU027,SPU027-黄色-L,套头卫衣夏季款,黄色 宽松,黄色,宽松,164.0,406.0,男装,L,2024-02-02 22:36:54,秋季,丝
109,SPU027,SPU027-黄色-L,套头卫衣夏季款,黄色 宽松,黄色,宽松,384.0,404.0,男装,L,2024-05-10 06:52:53,秋季,羊毛
110,SPU027,SPU027-黄色-L,套头卫衣夏季款,黄色 修身,黄色,修身,312.0,540.0,男装,L,2024-06-05 12:52:42,秋季,混纺
111,SPU027,SPU027-黄色-S,套头卫衣夏季款,黄色 宽松,黄色,宽松,65.0,198.0,男装,S,2025-07-18 11:16:59,秋季,棉
112,SPU027,SPU027-黄色-XXL,套头卫衣夏季款,黄色 加长,黄色,加长,306.0,705.0,男装,XXL,2025-05-22 02:46:36,秋季,丝
113,SPU028,SPU028-橙色-均码,运动T恤秋冬款,橙色 宽松,橙色,宽松,425.0,499.0,运动,均码,2025-05-24 02:29:06,春季,麻
114,SPU028,SPU028-橙色-XXL,运动T恤秋冬款,橙色 标准,橙色,标准,328.0,491.0,运动,XXL,2023-12-21 07:54:00,春季,涤纶
115,SPU028,SPU028-橙色-S,运动T恤秋冬款,橙色 加长,橙色,加长,242.0,363.0,运动,S,2024-01-14 18:28:05,春季,棉
116,SPU029,SPU029-黑色-M,伞裙夏季款,黑色 短款,黑色,短款,184.0,183.0,女装,M,2025-04-24 03:31:43,春季,涤纶
117,SPU029,SPU029-黑色-XS,伞裙夏季款,黑色 短款,黑色,短款,293.0,116.0,女装,XS,2024-02-12 19:21:51,春季,丝
118,SPU029,SPU029-黑色-XL,伞裙夏季款,黑色 加长,黑色,加长,366.0,148.0,女装,XL,2024-01-07 10:37:47,春季,涤纶
119,SPU029,SPU029-黑色-XL,伞裙夏季款,黑色 修身,黑色,修身,290.0,269.0,女装,XL,2024-07-24 14:58:23,春季,羊毛
120,SPU029,SPU029-黑色-XL,伞裙夏季款,黑色 加长,黑色,加长,328.0,482.0,女装,XL,2024-02-06 20:38:00,春季,棉
121,SPU030,SPU030-绿色-XL,牛仔裤热卖款,绿色 修身,绿色,修身,65.0,395.0,童装,XL,2024-11-17 09:44:29,春季,涤纶
122,SPU030,SPU030-绿色-XXL,牛仔裤热卖款,绿色 修身,绿色,修身,113.0,483.0,童装,XXL,2024-02-05 22:08:09,春季,混纺
123,SPU030,SPU030-绿色-XXL,牛仔裤热卖款,绿色 修身,绿色,修身,156.0,151.0,童装,XXL,2024-12-13 07:37:37,春季,羊毛
124,SPU030,SPU030-绿色-XS,牛仔裤热卖款,绿色 标准,绿色,标准,491.0,765.0,童装,XS,2025-09-26 10:14:27,春季,羊毛
125,SPU030,SPU030-绿色-S,牛仔裤热卖款,绿色 短款,绿色,短款,265.0,191.0,童装,S,2024-11-01 00:07:36,春季,混纺
126,SPU031,SPU031-黑色-XS,运动套装经典款,黑色 加长,黑色,加长,278.0,555.0,童装,XS,2025-07-24 12:58:42,秋季,麻
127,SPU031,SPU031-黑色-均码,运动套装经典款,黑色 标准,黑色,标准,402.0,714.0,童装,均码,2024-11-10 00:14:25,秋季,涤纶
128,SPU031,SPU031-黑色-XS,运动套装经典款,黑色 修身,黑色,修身,62.0,647.0,童装,XS,2025-06-15 15:27:29,秋季,涤纶
129,SPU032,SPU032-黄色-XXXL,连帽卫衣春季款,黄色 修身,黄色,修身,299.0,136.0,运动,XXXL,2024-10-28 10:29:46,夏季,麻
130,SPU032,SPU032-黄色-M,连帽卫衣春季款,黄色 加长,黄色,加长,366.0,485.0,运动,M,2025-03-25 08:13:35,夏季,棉
131,SPU032,SPU032-黄色-均码,连帽卫衣春季款,黄色 修身,黄色,修身,454.0,788.0,运动,均码,2023-12-12 04:19:19,夏季,丝
132,SPU032,SPU032-黄色-XXL,连帽卫衣春季款,黄色 宽松,黄色,宽松,204.0,743.0,运动,XXL,2024-11-13 08:46:47,夏季,涤纶
133,SPU032,SPU032-黄色-L,连帽卫衣春季款,黄色 修身,黄色,修身,315.0,259.0,运动,L,2024-02-16 11:09:15,夏季,混纺
134,SPU033,SPU033-黄色-XS,长袖T恤新款,黄色 修身,黄色,修身,443.0,275.0,女装,XS,2024-12-25 21:51:16,秋冬,棉
135,SPU033,SPU033-黄色-S,长袖T恤新款,黄色 修身,黄色,修身,107.0,226.0,女装,S,2025-01-13 17:31:32,秋冬,棉
136,SPU033,SPU033-黄色-XXL,长袖T恤新款,黄色 标准,黄色,标准,321.0,723.0,女装,XXL,2024-04-29 00:16:44,秋冬,丝
137,SPU033,SPU033-黄色-M,长袖T恤新款,黄色 短款,黄色,短款,229.0,560.0,女装,M,2024-02-26 16:17:55,秋冬,混纺
138,SPU033,SPU033-黄色-S,长袖T恤新款,黄色 修身,黄色,修身,163.0,481.0,女装,S,2025-05-17 08:31:28,秋冬,麻
139,SPU034,SPU034-棕色-XXL,休闲裤新款,棕色 宽松,棕色,宽松,250.0,312.0,男装,XXL,2025-02-25 10:18:53,夏季,丝
140,SPU034,SPU034-棕色-XL,休闲裤新款,棕色 宽松,棕色,宽松,287.0,287.0,男装,XL,2023-11-17 05:59:23,夏季,混纺
141,SPU034,SPU034-棕色-S,休闲裤新款,棕色 修身,棕色,修身,206.0,388.0,男装,S,2025-09-06 21:59:21,夏季,羊毛
142,SPU034,SPU034-棕色-均码,休闲裤新款,棕色 标准,棕色,标准,85.0,738.0,男装,均码,2024-06-11 19:42:09,夏季,羊毛
143,SPU034,SPU034-棕色-L,休闲裤新款,棕色 标准,棕色,标准,384.0,248.0,男装,L,2025-01-13 15:05:16,夏季,丝
144,SPU035,SPU035-白色-XS,训练外套经典款,白色 宽松,白色,宽松,364.0,555.0,运动,XS,2024-01-21 23:32:14,春季,麻
145,SPU035,SPU035-白色-S,训练外套经典款,白色 修身,白色,修身,275.0,124.0,运动,S,2024-06-04 01:35:27,春季,丝
146,SPU035,SPU035-白色-XXXL,训练外套经典款,白色 标准,白色,标准,422.0,159.0,运动,XXXL,2025-09-16 19:58:09,春季,丝
147,SPU035,SPU035-白色-XXXL,训练外套经典款,白色 加长,白色,加长,58.0,368.0,运动,XXXL,2024-02-05 20:46:06,春季,麻
148,SPU035,SPU035-白色-XS,训练外套经典款,白色 宽松,白色,宽松,143.0,229.0,运动,XS,2024-05-17 17:18:59,春季,麻
149,SPU036,SPU036-红色-XL,羽绒服热卖款,红色 修身,红色,修身,294.0,343.0,男装,XL,2025-08-30 07:10:06,春季,棉
150,SPU036,SPU036-红色-XXL,羽绒服热卖款,红色 标准,红色,标准,415.0,514.0,男装,XXL,2023-12-18 05:39:30,春季,棉
151,SPU036,SPU036-红色-XXL,羽绒服热卖款,红色 短款,红色,短款,245.0,399.0,男装,XXL,2024-07-03 06:03:56,春季,混纺
152,SPU036,SPU036-红色-XS,羽绒服热卖款,红色 修身,红色,修身,299.0,767.0,男装,XS,2024-03-23 03:53:45,春季,混纺
153,SPU036,SPU036-红色-XL,羽绒服热卖款,红色 短款,红色,短款,259.0,501.0,男装,XL,2025-02-24 19:02:33,春季,羊毛
154,SPU037,SPU037-灰色-M,运动T恤热卖款,灰色 加长,灰色,加长,260.0,795.0,运动,M,2024-03-25 10:09:26,夏季,涤纶
155,SPU037,SPU037-灰色-M,运动T恤热卖款,灰色 修身,灰色,修身,176.0,578.0,运动,M,2024-02-04 05:41:08,夏季,丝
156,SPU037,SPU037-灰色-S,运动T恤热卖款,灰色 宽松,灰色,宽松,397.0,307.0,运动,S,2025-04-14 15:25:43,夏季,羊毛
157,SPU037,SPU037-灰色-XXXL,运动T恤热卖款,灰色 修身,灰色,修身,327.0,353.0,运动,XXXL,2025-05-27 04:42:09,夏季,混纺
158,SPU037,SPU037-灰色-XL,运动T恤热卖款,灰色 短款,灰色,短款,56.0,315.0,运动,XL,2025-10-17 19:05:14,夏季,混纺
159,SPU038,SPU038-灰色-M,家居服热卖款,灰色 加长,灰色,加长,258.0,408.0,内衣,M,2025-09-13 09:14:59,夏季,麻
160,SPU038,SPU038-灰色-XS,家居服热卖款,灰色 标准,灰色,标准,266.0,691.0,内衣,XS,2025-08-28 05:28:30,夏季,涤纶
161,SPU038,SPU038-灰色-XXXL,家居服热卖款,灰色 修身,灰色,修身,311.0,156.0,内衣,XXXL,2025-10-28 19:23:15,夏季,羊毛
162,SPU038,SPU038-灰色-XXL,家居服热卖款,灰色 修身,灰色,修身,248.0,281.0,内衣,XXL,2024-01-31 05:10:14,夏季,丝
163,SPU039,SPU039-绿色-M,休闲衬衫经典款,绿色 宽松,绿色,宽松,334.0,203.0,童装,M,2024-02-14 06:51:21,冬季,羊毛
164,SPU039,SPU039-绿色-XS,休闲衬衫经典款,绿色 宽松,绿色,宽松,102.0,127.0,童装,XS,2024-04-16 19:34:21,冬季,混纺
165,SPU039,SPU039-绿色-均码,休闲衬衫经典款,绿色 短款,绿色,短款,193.0,487.0,童装,均码,2025-08-20 15:05:14,冬季,涤纶
166,SPU039,SPU039-绿色-XS,休闲衬衫经典款,绿色 标准,绿色,标准,489.0,111.0,童装,XS,2025-07-05 11:25:51,冬季,丝
167,SPU040,SPU040-棕色-XS,运动T恤热卖款,棕色 短款,棕色,短款,156.0,176.0,运动,XS,2023-12-03 10:06:45,春夏,羊毛
168,SPU040,SPU040-棕色-均码,运动T恤热卖款,棕色 修身,棕色,修身,280.0,266.0,运动,均码,2024-02-13 14:45:44,春夏,丝
169,SPU040,SPU040-棕色-XXL,运动T恤热卖款,棕色 加长,棕色,加长,82.0,399.0,运动,XXL,2024-02-11 04:23:26,春夏,丝
170,SPU040,SPU040-棕色-M,运动T恤热卖款,棕色 修身,棕色,修身,197.0,652.0,运动,M,2025-04-28 10:56:47,春夏,丝
171,SPU040,SPU040-棕色-XXXL,运动T恤热卖款,棕色 标准,棕色,标准,262.0,781.0,运动,XXXL,2023-11-25 13:51:48,春夏,羊毛
172,SPU041,SPU041-白色-XXL,运动套装热卖款,白色 修身,白色,修身,181.0,205.0,童装,XXL,2024-03-22 10:53:30,春夏,羊毛
173,SPU041,SPU041-白色-XS,运动套装热卖款,白色 修身,白色,修身,324.0,666.0,童装,XS,2025-08-26 11:56:57,春夏,羊毛
174,SPU041,SPU041-白色-XXL,运动套装热卖款,白色 宽松,白色,宽松,220.0,508.0,童装,XXL,2025-07-22 16:51:48,春夏,混纺
175,SPU042,SPU042-白色-XXXL,家居服夏季款,白色 修身,白色,修身,480.0,771.0,内衣,XXXL,2025-06-16 23:40:25,夏季,涤纶
176,SPU042,SPU042-白色-XXXL,家居服夏季款,白色 短款,白色,短款,380.0,693.0,内衣,XXXL,2024-06-20 01:54:48,夏季,羊毛
177,SPU042,SPU042-白色-XS,家居服夏季款,白色 短款,白色,短款,263.0,467.0,内衣,XS,2024-12-18 13:04:45,夏季,麻
178,SPU042,SPU042-白色-XXL,家居服夏季款,白色 标准,白色,标准,138.0,503.0,内衣,XXL,2024-07-20 18:47:30,夏季,涤纶
179,SPU042,SPU042-白色-XXL,家居服夏季款,白色 宽松,白色,宽松,410.0,784.0,内衣,XXL,2024-02-07 16:07:55,夏季,涤纶
180,SPU043,SPU043-粉色-S,训练外套经典款,粉色 宽松,粉色,宽松,250.0,770.0,运动,S,2024-12-30 02:23:47,冬季,麻
181,SPU043,SPU043-粉色-XXL,训练外套经典款,粉色 修身,粉色,修身,208.0,454.0,运动,XXL,2025-02-02 12:14:51,冬季,丝
182,SPU043,SPU043-粉色-均码,训练外套经典款,粉色 短款,粉色,短款,154.0,650.0,运动,均码,2025-07-30 15:59:51,冬季,涤纶
183,SPU043,SPU043-粉色-M,训练外套经典款,粉色 短款,粉色,短款,160.0,736.0,运动,M,2025-02-02 02:36:30,冬季,混纺
184,SPU044,SPU044-橙色-M,风衣新款,橙色 短款,橙色,短款,167.0,301.0,童装,M,2023-11-22 06:52:25,秋冬,丝
185,SPU044,SPU044-橙色-S,风衣新款,橙色 修身,橙色,修身,234.0,454.0,童装,S,2025-01-20 02:34:09,秋冬,涤纶
186,SPU044,SPU044-橙色-均码,风衣新款,橙色 宽松,橙色,宽松,455.0,713.0,童装,均码,2025-08-02 12:32:28,秋冬,棉
187,SPU044,SPU044-橙色-M,风衣新款,橙色 修身,橙色,修身,238.0,636.0,童装,M,2024-04-20 07:08:47,秋冬,混纺
188,SPU044,SPU044-橙色-均码,风衣新款,橙色 修身,橙色,修身,107.0,124.0,童装,均码,2024-02-21 13:11:42,秋冬,麻
189,SPU045,SPU045-棕色-M,羽绒服秋冬款,棕色 修身,棕色,修身,110.0,707.0,童装,M,2025-02-22 21:45:59,夏季,麻
190,SPU045,SPU045-棕色-XXXL,羽绒服秋冬款,棕色 标准,棕色,标准,107.0,588.0,童装,XXXL,2024-11-03 19:09:44,夏季,涤纶
191,SPU045,SPU045-棕色-XL,羽绒服秋冬款,棕色 修身,棕色,修身,202.0,677.0,童装,XL,2025-05-09 10:15:13,夏季,丝
192,SPU046,SPU046-黄色-S,家居服经典款,黄色 修身,黄色,修身,83.0,745.0,内衣,S,2024-08-24 03:02:09,冬季,麻
193,SPU046,SPU046-黄色-XXXL,家居服经典款,黄色 加长,黄色,加长,383.0,405.0,内衣,XXXL,2025-08-25 06:47:56,冬季,麻
194,SPU046,SPU046-黄色-M,家居服经典款,黄色 宽松,黄色,宽松,376.0,513.0,内衣,M,2025-07-25 08:23:52,冬季,羊毛
195,SPU046,SPU046-黄色-S,家居服经典款,黄色 宽松,黄色,宽松,453.0,515.0,内衣,S,2023-12-24 06:46:03,冬季,丝
196,SPU046,SPU046-黄色-均码,家居服经典款,黄色 加长,黄色,加长,194.0,224.0,内衣,均码,2023-12-11 04:33:47,冬季,混纺
197,SPU047,SPU047-灰色-S,A字连衣裙夏季款,灰色 宽松,灰色,宽松,184.0,339.0,女装,S,2024-06-11 11:06:09,春季,羊毛
198,SPU047,SPU047-灰色-XXXL,A字连衣裙夏季款,灰色 标准,灰色,标准,195.0,323.0,女装,XXXL,2025-06-30 17:48:06,春季,涤纶
199,SPU047,SPU047-灰色-M,A字连衣裙夏季款,灰色 修身,灰色,修身,416.0,614.0,女装,M,2024-09-10 07:50:29,春季,混纺
200,SPU047,SPU047-灰色-L,A字连衣裙夏季款,灰色 加长,灰色,加长,284.0,503.0,女装,L,2025-01-13 14:20:18,春季,羊毛
201,SPU047,SPU047-灰色-XXL,A字连衣裙夏季款,灰色 修身,灰色,修身,206.0,216.0,女装,XXL,2025-04-02 01:27:30,春季,丝
202,SPU048,SPU048-绿色-均码,运动套装热卖款,绿色 宽松,绿色,宽松,448.0,302.0,童装,均码,2025-04-08 07:54:28,春夏,丝
203,SPU048,SPU048-绿色-S,运动套装热卖款,绿色 宽松,绿色,宽松,350.0,199.0,童装,S,2024-01-01 23:40:51,春夏,涤纶
204,SPU048,SPU048-绿色-M,运动套装热卖款,绿色 修身,绿色,修身,319.0,128.0,童装,M,2025-05-30 19:36:02,春夏,羊毛
205,SPU048,SPU048-绿色-L,运动套装热卖款,绿色 修身,绿色,修身,270.0,676.0,童装,L,2025-02-24 00:57:01,春夏,丝
206,SPU049,SPU049-灰色-XXXL,风衣新款,灰色 加长,灰色,加长,284.0,682.0,童装,XXXL,2024-06-29 22:46:53,夏季,丝
207,SPU049,SPU049-灰色-S,风衣新款,灰色 修身,灰色,修身,250.0,403.0,童装,S,2024-03-18 00:03:02,夏季,丝
208,SPU049,SPU049-灰色-S,风衣新款,灰色 宽松,灰色,宽松,497.0,612.0,童装,S,2024-12-14 07:22:14,夏季,棉
209,SPU050,SPU050-黑色-L,休闲裤热卖款,黑色 修身,黑色,修身,197.0,455.0,女装,L,2025-07-28 13:07:54,秋季,丝
210,SPU050,SPU050-黑色-均码,休闲裤热卖款,黑色 短款,黑色,短款,352.0,152.0,女装,均码,2024-02-05 09:38:22,秋季,混纺
211,SPU050,SPU050-黑色-XXL,休闲裤热卖款,黑色 修身,黑色,修身,245.0,753.0,女装,XXL,2025-07-13 20:39:56,秋季,羊毛
212,SPU050,SPU050-黑色-XXL,休闲裤热卖款,黑色 宽松,黑色,宽松,429.0,563.0,女装,XXL,2025-09-28 17:26:40,秋季,混纺
213,SPU051,SPU051-橙色-XS,短袖T恤夏季款,橙色 宽松,橙色,宽松,112.0,363.0,男装,XS,2024-05-14 23:29:21,冬季,涤纶
214,SPU051,SPU051-橙色-L,短袖T恤夏季款,橙色 标准,橙色,标准,262.0,439.0,男装,L,2024-08-02 15:53:57,冬季,涤纶
215,SPU051,SPU051-橙色-均码,短袖T恤夏季款,橙色 标准,橙色,标准,109.0,544.0,男装,均码,2024-09-09 11:42:21,冬季,棉
216,SPU052,SPU052-棕色-L,休闲衬衫热卖款,棕色 修身,棕色,修身,245.0,443.0,童装,L,2025-03-22 07:35:19,冬季,羊毛
217,SPU052,SPU052-棕色-L,休闲衬衫热卖款,棕色 宽松,棕色,宽松,67.0,582.0,童装,L,2023-12-01 21:03:03,冬季,羊毛
218,SPU052,SPU052-棕色-XXXL,休闲衬衫热卖款,棕色 短款,棕色,短款,156.0,344.0,童装,XXXL,2024-12-06 03:25:47,冬季,羊毛
219,SPU052,SPU052-棕色-M,休闲衬衫热卖款,棕色 标准,棕色,标准,428.0,713.0,童装,M,2024-02-27 16:12:11,冬季,混纺
220,SPU052,SPU052-棕色-均码,休闲衬衫热卖款,棕色 加长,棕色,加长,409.0,375.0,童装,均码,2025-10-08 14:25:39,冬季,丝
221,SPU053,SPU053-绿色-XL,风衣新款,绿色 修身,绿色,修身,149.0,774.0,女装,XL,2024-07-22 01:06:02,秋季,丝
222,SPU053,SPU053-绿色-XXXL,风衣新款,绿色 加长,绿色,加长,196.0,564.0,女装,XXXL,2025-05-09 02:31:14,秋季,棉
223,SPU053,SPU053-绿色-M,风衣新款,绿色 加长,绿色,加长,480.0,562.0,女装,M,2025-05-14 06:53:10,秋季,丝
224,SPU053,SPU053-绿色-XXXL,风衣新款,绿色 宽松,绿色,宽松,398.0,439.0,女装,XXXL,2024-07-01 21:48:24,秋季,麻
225,SPU053,SPU053-绿色-XXXL,风衣新款,绿色 宽松,绿色,宽松,63.0,288.0,女装,XXXL,2024-08-07 14:18:52,秋季,涤纶
226,SPU054,SPU054-红色-XXL,短裤夏季款,红色 标准,红色,标准,354.0,388.0,女装,XXL,2025-04-28 07:46:40,冬季,麻
227,SPU054,SPU054-红色-XXXL,短裤夏季款,红色 加长,红色,加长,167.0,138.0,女装,XXXL,2024-09-11 03:28:34,冬季,麻
228,SPU054,SPU054-红色-L,短裤夏季款,红色 标准,红色,标准,336.0,132.0,女装,L,2025-05-22 01:01:31,冬季,麻
229,SPU054,SPU054-红色-XXXL,短裤夏季款,红色 宽松,红色,宽松,308.0,217.0,女装,XXXL,2024-08-03 23:32:48,冬季,涤纶
230,SPU055,SPU055-黑色-XXL,风衣夏季款,黑色 宽松,黑色,宽松,322.0,114.0,女装,XXL,2025-08-17 08:11:00,春季,混纺
231,SPU055,SPU055-黑色-XS,风衣夏季款,黑色 加长,黑色,加长,91.0,593.0,女装,XS,2024-01-29 10:25:17,春季,丝
232,SPU055,SPU055-黑色-S,风衣夏季款,黑色 修身,黑色,修身,283.0,353.0,女装,S,2025-10-23 13:04:17,春季,涤纶
233,SPU055,SPU055-黑色-M,风衣夏季款,黑色 短款,黑色,短款,228.0,602.0,女装,M,2024-01-19 11:58:16,春季,丝
234,SPU055,SPU055-黑色-M,风衣夏季款,黑色 标准,黑色,标准,199.0,251.0,女装,M,2024-07-27 23:23:00,春季,混纺
235,SPU056,SPU056-红色-XS,运动长裤新款,红色 修身,红色,修身,390.0,469.0,运动,XS,2025-01-30 21:52:33,冬季,羊毛
236,SPU056,SPU056-红色-XXXL,运动长裤新款,红色 加长,红色,加长,69.0,298.0,运动,XXXL,2024-06-27 02:15:39,冬季,棉
237,SPU056,SPU056-红色-L,运动长裤新款,红色 宽松,红色,宽松,65.0,625.0,运动,L,2023-12-24 08:44:07,冬季,麻
238,SPU057,SPU057-米色-M,针织衫夏季款,米色 标准,米色,标准,438.0,154.0,童装,M,2025-10-06 04:38:36,秋季,羊毛
239,SPU057,SPU057-米色-XXXL,针织衫夏季款,米色 修身,米色,修身,57.0,681.0,童装,XXXL,2024-01-04 23:14:29,秋季,羊毛
240,SPU057,SPU057-米色-M,针织衫夏季款,米色 修身,米色,修身,381.0,655.0,童装,M,2025-01-02 00:34:21,秋季,涤纶
241,SPU057,SPU057-米色-XL,针织衫夏季款,米色 标准,米色,标准,241.0,620.0,童装,XL,2025-09-02 01:13:49,秋季,丝
242,SPU057,SPU057-米色-XL,针织衫夏季款,米色 加长,米色,加长,141.0,285.0,童装,XL,2024-11-05 12:01:31,秋季,混纺
243,SPU058,SPU058-绿色-XXXL,运动套装热卖款,绿色 标准,绿色,标准,243.0,256.0,童装,XXXL,2024-07-05 01:34:40,秋季,麻
244,SPU058,SPU058-绿色-XL,运动套装热卖款,绿色 加长,绿色,加长,178.0,592.0,童装,XL,2025-08-21 13:30:31,秋季,羊毛
245,SPU058,SPU058-绿色-L,运动套装热卖款,绿色 加长,绿色,加长,58.0,448.0,童装,L,2024-11-25 21:50:15,秋季,麻
246,SPU058,SPU058-绿色-XXL,运动套装热卖款,绿色 短款,绿色,短款,372.0,417.0,童装,XXL,2024-06-19 21:05:23,秋季,羊毛
247,SPU058,SPU058-绿色-XS,运动套装热卖款,绿色 加长,绿色,加长,397.0,413.0,童装,XS,2025-02-11 22:55:13,秋季,麻
248,SPU059,SPU059-黑色-XL,牛仔裤新款,黑色 标准,黑色,标准,115.0,541.0,童装,XL,2025-03-09 18:08:27,秋冬,棉
249,SPU059,SPU059-黑色-S,牛仔裤新款,黑色 短款,黑色,短款,126.0,705.0,童装,S,2025-05-20 15:47:03,秋冬,麻
250,SPU059,SPU059-黑色-L,牛仔裤新款,黑色 修身,黑色,修身,114.0,532.0,童装,L,2024-01-06 18:55:17,秋冬,麻
251,SPU059,SPU059-黑色-L,牛仔裤新款,黑色 修身,黑色,修身,395.0,276.0,童装,L,2024-11-03 17:48:28,秋冬,丝
252,SPU059,SPU059-黑色-XXL,牛仔裤新款,黑色 宽松,黑色,宽松,66.0,582.0,童装,XXL,2025-01-19 16:43:33,秋冬,羊毛
253,SPU060,SPU060-红色-XL,运动T恤热卖款,红色 宽松,红色,宽松,390.0,656.0,运动,XL,2024-06-08 19:54:15,秋冬,羊毛
254,SPU060,SPU060-红色-均码,运动T恤热卖款,红色 标准,红色,标准,482.0,265.0,运动,均码,2024-06-25 17:40:08,秋冬,麻
255,SPU060,SPU060-红色-均码,运动T恤热卖款,红色 短款,红色,短款,300.0,618.0,运动,均码,2024-08-03 22:00:43,秋冬,混纺
256,SPU060,SPU060-红色-S,运动T恤热卖款,红色 修身,红色,修身,242.0,154.0,运动,S,2024-01-24 10:42:13,秋冬,涤纶
257,SPU061,SPU061-白色-S,休闲裤夏季款,白色 宽松,白色,宽松,139.0,709.0,男装,S,2024-06-03 11:29:49,秋季,棉
258,SPU061,SPU061-白色-XS,休闲裤夏季款,白色 加长,白色,加长,273.0,538.0,男装,XS,2025-08-24 23:59:51,秋季,羊毛
259,SPU061,SPU061-白色-均码,休闲裤夏季款,白色 宽松,白色,宽松,387.0,483.0,男装,均码,2025-01-28 16:53:31,秋季,麻
260,SPU062,SPU062-灰色-S,套头卫衣热卖款,灰色 加长,灰色,加长,498.0,604.0,运动,S,2024-10-14 05:14:13,秋冬,混纺
261,SPU062,SPU062-灰色-XL,套头卫衣热卖款,灰色 短款,灰色,短款,195.0,723.0,运动,XL,2024-07-22 14:50:25,秋冬,羊毛
262,SPU062,SPU062-灰色-M,套头卫衣热卖款,灰色 宽松,灰色,宽松,181.0,580.0,运动,M,2025-02-14 14:11:10,秋冬,羊毛
263,SPU063,SPU063-粉色-XL,运动T恤秋冬款,粉色 加长,粉色,加长,258.0,755.0,运动,XL,2024-07-30 12:32:16,冬季,混纺
264,SPU063,SPU063-粉色-M,运动T恤秋冬款,粉色 宽松,粉色,宽松,286.0,681.0,运动,M,2025-10-18 00:25:52,冬季,棉
265,SPU063,SPU063-粉色-XXL,运动T恤秋冬款,粉色 加长,粉色,加长,131.0,429.0,运动,XXL,2023-12-04 13:38:09,冬季,棉
266,SPU063,SPU063-粉色-XL,运动T恤秋冬款,粉色 宽松,粉色,宽松,140.0,166.0,运动,XL,2024-10-17 03:14:36,冬季,麻
267,SPU063,SPU063-粉色-XXL,运动T恤秋冬款,粉色 修身,粉色,修身,77.0,428.0,运动,XXL,2024-11-25 19:46:11,冬季,涤纶
268,SPU064,SPU064-粉色-L,童装套装春季款,粉色 标准,粉色,标准,333.0,750.0,童装,L,2025-04-29 04:27:34,夏季,丝
269,SPU064,SPU064-粉色-XL,童装套装春季款,粉色 加长,粉色,加长,313.0,314.0,童装,XL,2024-12-21 00:52:45,夏季,羊毛
270,SPU064,SPU064-粉色-XXXL,童装套装春季款,粉色 标准,粉色,标准,303.0,549.0,童装,XXXL,2025-08-29 02:13:14,夏季,涤纶
271,SPU065,SPU065-黄色-M,休闲裤秋冬款,黄色 修身,黄色,修身,379.0,296.0,男装,M,2025-04-04 23:06:46,冬季,丝
272,SPU065,SPU065-黄色-S,休闲裤秋冬款,黄色 宽松,黄色,宽松,409.0,511.0,男装,S,2025-09-24 20:44:28,冬季,麻
273,SPU065,SPU065-黄色-XXL,休闲裤秋冬款,黄色 短款,黄色,短款,397.0,515.0,男装,XXL,2025-08-20 01:12:16,冬季,丝
274,SPU066,SPU066-黄色-均码,速干短裤秋冬款,黄色 宽松,黄色,宽松,126.0,648.0,运动,均码,2024-11-21 21:58:34,冬季,涤纶
275,SPU066,SPU066-黄色-S,速干短裤秋冬款,黄色 短款,黄色,短款,116.0,215.0,运动,S,2025-09-19 13:26:08,冬季,棉
276,SPU066,SPU066-黄色-XXL,速干短裤秋冬款,黄色 修身,黄色,修身,453.0,137.0,运动,XXL,2024-10-27 04:56:10,冬季,羊毛
277,SPU066,SPU066-黄色-均码,速干短裤秋冬款,黄色 加长,黄色,加长,349.0,329.0,运动,均码,2024-07-28 08:10:37,冬季,羊毛
278,SPU066,SPU066-黄色-S,速干短裤秋冬款,黄色 宽松,黄色,宽松,302.0,364.0,运动,S,2024-12-01 17:09:02,冬季,麻
279,SPU067,SPU067-绿色-XXL,开衫秋冬款,绿色 标准,绿色,标准,427.0,322.0,女装,XXL,2025-05-16 08:38:17,春夏,棉
280,SPU067,SPU067-绿色-L,开衫秋冬款,绿色 宽松,绿色,宽松,475.0,684.0,女装,L,2023-12-13 18:10:44,春夏,混纺
281,SPU067,SPU067-绿色-M,开衫秋冬款,绿色 加长,绿色,加长,302.0,443.0,女装,M,2024-03-17 20:22:57,春夏,丝
282,SPU067,SPU067-绿色-S,开衫秋冬款,绿色 短款,绿色,短款,455.0,556.0,女装,S,2024-07-16 05:49:38,春夏,涤纶
283,SPU067,SPU067-绿色-XS,开衫秋冬款,绿色 标准,绿色,标准,435.0,640.0,女装,XS,2025-01-27 19:21:42,春夏,丝
284,SPU068,SPU068-米色-L,休闲衬衫新款,米色 短款,米色,短款,302.0,799.0,男装,L,2023-12-30 10:52:39,夏季,涤纶
285,SPU068,SPU068-米色-XXXL,休闲衬衫新款,米色 标准,米色,标准,131.0,623.0,男装,XXXL,2024-01-27 02:06:46,夏季,棉
286,SPU068,SPU068-米色-L,休闲衬衫新款,米色 加长,米色,加长,212.0,236.0,男装,L,2023-12-21 05:12:44,夏季,羊毛
287,SPU068,SPU068-米色-XL,休闲衬衫新款,米色 标准,米色,标准,92.0,358.0,男装,XL,2024-06-06 19:48:56,夏季,丝
288,SPU068,SPU068-米色-XS,休闲衬衫新款,米色 短款,米色,短款,173.0,553.0,男装,XS,2025-10-30 04:39:20,夏季,混纺
289,SPU069,SPU069-米色-XS,休闲衬衫秋冬款,米色 标准,米色,标准,173.0,140.0,童装,XS,2024-11-15 12:39:47,秋季,羊毛
290,SPU069,SPU069-米色-XS,休闲衬衫秋冬款,米色 加长,米色,加长,499.0,543.0,童装,XS,2025-06-28 03:45:42,秋季,麻
291,SPU069,SPU069-米色-M,休闲衬衫秋冬款,米色 加长,米色,加长,387.0,553.0,童装,M,2024-02-23 21:21:45,秋季,羊毛
292,SPU069,SPU069-米色-S,休闲衬衫秋冬款,米色 修身,米色,修身,216.0,529.0,童装,S,2024-08-04 09:39:25,秋季,混纺
293,SPU070,SPU070-棕色-M,连帽卫衣春季款,棕色 宽松,棕色,宽松,87.0,684.0,运动,M,2024-05-11 16:49:40,秋冬,棉
294,SPU070,SPU070-棕色-XS,连帽卫衣春季款,棕色 加长,棕色,加长,337.0,144.0,运动,XS,2024-02-27 20:55:53,秋冬,棉
295,SPU070,SPU070-棕色-XL,连帽卫衣春季款,棕色 宽松,棕色,宽松,345.0,616.0,运动,XL,2024-12-09 13:55:53,秋冬,丝
296,SPU071,SPU071-粉色-M,家居服热卖款,粉色 短款,粉色,短款,375.0,356.0,内衣,M,2024-06-15 00:56:42,秋冬,棉
297,SPU071,SPU071-粉色-XXXL,家居服热卖款,粉色 加长,粉色,加长,427.0,569.0,内衣,XXXL,2023-12-19 11:17:37,秋冬,棉
298,SPU071,SPU071-粉色-L,家居服热卖款,粉色 短款,粉色,短款,116.0,287.0,内衣,L,2023-11-16 20:33:02,秋冬,涤纶
299,SPU071,SPU071-粉色-均码,家居服热卖款,粉色 修身,粉色,修身,174.0,239.0,内衣,均码,2024-06-24 15:31:23,秋冬,羊毛
300,SPU071,SPU071-粉色-XXXL,家居服热卖款,粉色 宽松,粉色,宽松,336.0,689.0,内衣,XXXL,2025-05-03 17:21:31,秋冬,棉
301,SPU072,SPU072-灰色-XXL,休闲裤新款,灰色 修身,灰色,修身,204.0,498.0,童装,XXL,2024-05-01 23:20:14,秋季,混纺
302,SPU072,SPU072-灰色-S,休闲裤新款,灰色 短款,灰色,短款,469.0,162.0,童装,S,2024-04-10 09:01:09,秋季,棉
303,SPU072,SPU072-灰色-M,休闲裤新款,灰色 修身,灰色,修身,134.0,514.0,童装,M,2024-07-16 19:09:59,秋季,棉
304,SPU072,SPU072-灰色-M,休闲裤新款,灰色 修身,灰色,修身,148.0,362.0,童装,M,2023-11-02 07:14:50,秋季,棉
305,SPU073,SPU073-蓝色-XL,短裤秋冬款,蓝色 宽松,蓝色,宽松,386.0,617.0,男装,XL,2024-04-13 17:27:47,春季,丝
306,SPU073,SPU073-蓝色-XS,短裤秋冬款,蓝色 加长,蓝色,加长,368.0,225.0,男装,XS,2024-07-03 04:01:27,春季,涤纶
307,SPU073,SPU073-蓝色-XXL,短裤秋冬款,蓝色 加长,蓝色,加长,152.0,232.0,男装,XXL,2024-09-17 21:57:08,春季,涤纶
308,SPU073,SPU073-蓝色-M,短裤秋冬款,蓝色 标准,蓝色,标准,167.0,408.0,男装,M,2024-04-01 23:21:30,春季,棉
309,SPU073,SPU073-蓝色-均码,短裤秋冬款,蓝色 标准,蓝色,标准,310.0,344.0,男装,均码,2024-05-30 11:22:26,春季,混纺
310,SPU074,SPU074-绿色-M,运动长裤春季款,绿色 修身,绿色,修身,477.0,510.0,运动,M,2025-04-13 15:38:28,秋冬,涤纶
311,SPU074,SPU074-绿色-L,运动长裤春季款,绿色 加长,绿色,加长,206.0,668.0,运动,L,2024-09-26 13:12:38,秋冬,丝
312,SPU074,SPU074-绿色-L,运动长裤春季款,绿色 标准,绿色,标准,365.0,453.0,运动,L,2024-11-19 16:21:40,秋冬,混纺
313,SPU074,SPU074-绿色-XL,运动长裤春季款,绿色 修身,绿色,修身,281.0,248.0,运动,XL,2025-04-23 10:41:34,秋冬,涤纶
314,SPU074,SPU074-绿色-均码,运动长裤春季款,绿色 标准,绿色,标准,64.0,181.0,运动,均码,2025-02-20 13:12:55,秋冬,混纺
315,SPU075,SPU075-白色-均码,短裤秋冬款,白色 宽松,白色,宽松,260.0,326.0,童装,均码,2023-11-22 16:13:38,春夏,羊毛
316,SPU075,SPU075-白色-XXXL,短裤秋冬款,白色 短款,白色,短款,456.0,326.0,童装,XXXL,2024-04-26 06:43:19,春夏,棉
317,SPU075,SPU075-白色-XXL,短裤秋冬款,白色 修身,白色,修身,121.0,433.0,童装,XXL,2024-12-27 12:26:32,春夏,丝
318,SPU075,SPU075-白色-S,短裤秋冬款,白色 宽松,白色,宽松,461.0,314.0,童装,S,2024-03-15 10:36:42,春夏,麻
319,SPU075,SPU075-白色-M,短裤秋冬款,白色 修身,白色,修身,248.0,532.0,童装,M,2024-07-05 03:43:12,春夏,羊毛
320,SPU076,SPU076-棕色-XXXL,跑步外套夏季款,棕色 加长,棕色,加长,263.0,271.0,运动,XXXL,2025-09-07 03:01:42,秋季,混纺
321,SPU076,SPU076-棕色-XXL,跑步外套夏季款,棕色 短款,棕色,短款,202.0,575.0,运动,XXL,2025-09-12 08:30:42,秋季,丝
322,SPU076,SPU076-棕色-XS,跑步外套夏季款,棕色 宽松,棕色,宽松,393.0,731.0,运动,XS,2024-10-31 04:06:27,秋季,羊毛
323,SPU076,SPU076-棕色-S,跑步外套夏季款,棕色 加长,棕色,加长,242.0,289.0,运动,S,2025-08-19 04:36:38,秋季,羊毛
324,SPU076,SPU076-棕色-XXXL,跑步外套夏季款,棕色 短款,棕色,短款,63.0,459.0,运动,XXXL,2024-09-12 14:24:13,秋季,丝
325,SPU077,SPU077-棕色-L,套头卫衣秋冬款,棕色 短款,棕色,短款,388.0,191.0,女装,L,2025-03-20 00:45:54,秋季,丝
326,SPU077,SPU077-棕色-XS,套头卫衣秋冬款,棕色 修身,棕色,修身,189.0,636.0,女装,XS,2024-12-05 06:31:50,秋季,丝
327,SPU077,SPU077-棕色-均码,套头卫衣秋冬款,棕色 加长,棕色,加长,124.0,101.0,女装,均码,2024-02-04 21:59:54,秋季,涤纶
328,SPU077,SPU077-棕色-L,套头卫衣秋冬款,棕色 宽松,棕色,宽松,186.0,156.0,女装,L,2025-04-09 01:26:52,秋季,涤纶
329,SPU077,SPU077-棕色-L,套头卫衣秋冬款,棕色 加长,棕色,加长,91.0,271.0,女装,L,2024-11-21 05:31:23,秋季,混纺
330,SPU078,SPU078-粉色-XS,连帽卫衣秋冬款,粉色 加长,粉色,加长,122.0,170.0,男装,XS,2024-01-19 18:49:30,秋季,羊毛
331,SPU078,SPU078-粉色-XXXL,连帽卫衣秋冬款,粉色 宽松,粉色,宽松,461.0,568.0,男装,XXXL,2024-11-16 17:42:17,秋季,麻
332,SPU078,SPU078-粉色-L,连帽卫衣秋冬款,粉色 修身,粉色,修身,224.0,323.0,男装,L,2024-12-22 16:40:45,秋季,涤纶
333,SPU078,SPU078-粉色-XXXL,连帽卫衣秋冬款,粉色 标准,粉色,标准,454.0,674.0,男装,XXXL,2024-05-19 05:37:46,秋季,混纺
334,SPU078,SPU078-粉色-XXXL,连帽卫衣秋冬款,粉色 短款,粉色,短款,227.0,150.0,男装,XXXL,2024-04-08 08:13:19,秋季,麻
335,SPU079,SPU079-棕色-XS,家居服夏季款,棕色 宽松,棕色,宽松,449.0,225.0,内衣,XS,2024-10-20 11:40:22,冬季,涤纶
336,SPU079,SPU079-棕色-XXL,家居服夏季款,棕色 标准,棕色,标准,203.0,676.0,内衣,XXL,2025-08-31 16:44:25,冬季,羊毛
337,SPU079,SPU079-棕色-XXXL,家居服夏季款,棕色 修身,棕色,修身,341.0,197.0,内衣,XXXL,2025-03-20 19:12:38,冬季,涤纶
338,SPU079,SPU079-棕色-XS,家居服夏季款,棕色 宽松,棕色,宽松,186.0,165.0,内衣,XS,2024-02-18 16:34:41,冬季,麻
339,SPU079,SPU079-棕色-M,家居服夏季款,棕色 加长,棕色,加长,118.0,318.0,内衣,M,2024-05-20 02:30:41,冬季,混纺
340,SPU080,SPU080-红色-XL,连帽卫衣夏季款,红色 加长,红色,加长,131.0,379.0,运动,XL,2025-03-28 12:13:04,秋冬,羊毛
341,SPU080,SPU080-红色-S,连帽卫衣夏季款,红色 加长,红色,加长,413.0,342.0,运动,S,2024-07-01 15:29:43,秋冬,混纺
342,SPU080,SPU080-红色-S,连帽卫衣夏季款,红色 加长,红色,加长,412.0,109.0,运动,S,2025-07-26 14:50:20,秋冬,丝
343,SPU080,SPU080-红色-M,连帽卫衣夏季款,红色 短款,红色,短款,278.0,580.0,运动,M,2025-01-03 11:45:37,秋冬,棉
344,SPU081,SPU081-橙色-XXXL,短袖T恤经典款,橙色 加长,橙色,加长,397.0,312.0,女装,XXXL,2024-01-29 14:04:03,夏季,丝
345,SPU081,SPU081-橙色-S,短袖T恤经典款,橙色 短款,橙色,短款,413.0,736.0,女装,S,2024-09-03 10:19:06,夏季,羊毛
346,SPU081,SPU081-橙色-XXL,短袖T恤经典款,橙色 加长,橙色,加长,370.0,691.0,女装,XXL,2025-02-19 21:38:11,夏季,丝
347,SPU081,SPU081-橙色-S,短袖T恤经典款,橙色 宽松,橙色,宽松,491.0,472.0,女装,S,2025-03-01 13:59:39,夏季,麻
348,SPU082,SPU082-黑色-M,牛仔裤夏季款,黑色 修身,黑色,修身,202.0,754.0,童装,M,2025-02-27 21:47:10,春季,羊毛
349,SPU082,SPU082-黑色-XL,牛仔裤夏季款,黑色 宽松,黑色,宽松,282.0,530.0,童装,XL,2025-01-15 18:35:02,春季,麻
350,SPU082,SPU082-黑色-XXXL,牛仔裤夏季款,黑色 修身,黑色,修身,259.0,128.0,童装,XXXL,2024-03-22 15:02:34,春季,麻
351,SPU082,SPU082-黑色-均码,牛仔裤夏季款,黑色 标准,黑色,标准,73.0,520.0,童装,均码,2025-01-12 21:37:32,春季,丝
352,SPU082,SPU082-黑色-XL,牛仔裤夏季款,黑色 加长,黑色,加长,202.0,307.0,童装,XL,2024-09-15 16:00:09,春季,棉
353,SPU083,SPU083-灰色-M,家居服新款,灰色 标准,灰色,标准,211.0,112.0,内衣,M,2025-05-13 09:56:10,秋季,丝
354,SPU083,SPU083-灰色-XL,家居服新款,灰色 修身,灰色,修身,318.0,350.0,内衣,XL,2024-11-02 15:34:54,秋季,棉
355,SPU083,SPU083-灰色-XXXL,家居服新款,灰色 宽松,灰色,宽松,129.0,474.0,内衣,XXXL,2025-08-16 12:08:45,秋季,涤纶
356,SPU083,SPU083-灰色-M,家居服新款,灰色 加长,灰色,加长,244.0,292.0,内衣,M,2024-01-01 15:18:08,秋季,麻
357,SPU083,SPU083-灰色-L,家居服新款,灰色 短款,灰色,短款,306.0,128.0,内衣,L,2025-08-18 14:15:30,秋季,丝
358,SPU084,SPU084-红色-M,套头卫衣秋冬款,红色 短款,红色,短款,490.0,546.0,男装,M,2025-03-31 06:03:31,夏季,棉
359,SPU084,SPU084-红色-XXXL,套头卫衣秋冬款,红色 短款,红色,短款,491.0,155.0,男装,XXXL,2025-02-01 17:51:07,夏季,混纺
360,SPU084,SPU084-红色-XL,套头卫衣秋冬款,红色 加长,红色,加长,230.0,229.0,男装,XL,2024-05-28 09:21:16,夏季,混纺
361,SPU084,SPU084-红色-XL,套头卫衣秋冬款,红色 修身,红色,修身,427.0,403.0,男装,XL,2025-02-23 12:51:37,夏季,棉
362,SPU085,SPU085-黄色-XL,套头卫衣热卖款,黄色 标准,黄色,标准,327.0,477.0,女装,XL,2024-10-30 08:10:21,春夏,涤纶
363,SPU085,SPU085-黄色-XS,套头卫衣热卖款,黄色 标准,黄色,标准,308.0,251.0,女装,XS,2025-08-18 01:45:51,春夏,麻
364,SPU085,SPU085-黄色-XL,套头卫衣热卖款,黄色 宽松,黄色,宽松,175.0,570.0,女装,XL,2024-08-16 02:57:40,春夏,羊毛
365,SPU086,SPU086-白色-XL,家居服秋冬款,白色 标准,白色,标准,52.0,245.0,内衣,XL,2024-06-17 15:51:15,秋季,麻
366,SPU086,SPU086-白色-M,家居服秋冬款,白色 标准,白色,标准,170.0,519.0,内衣,M,2024-04-13 02:23:11,秋季,混纺
367,SPU086,SPU086-白色-XXL,家居服秋冬款,白色 修身,白色,修身,150.0,113.0,内衣,XXL,2024-08-19 13:52:40,秋季,丝
368,SPU086,SPU086-白色-L,家居服秋冬款,白色 修身,白色,修身,325.0,610.0,内衣,L,2024-11-15 03:44:18,秋季,羊毛
369,SPU087,SPU087-黄色-XXXL,针织衫热卖款,黄色 短款,黄色,短款,198.0,372.0,男装,XXXL,2024-01-28 02:22:11,夏季,羊毛
370,SPU087,SPU087-黄色-XS,针织衫热卖款,黄色 标准,黄色,标准,203.0,342.0,男装,XS,2023-12-26 16:42:57,夏季,麻
371,SPU087,SPU087-黄色-M,针织衫热卖款,黄色 加长,黄色,加长,434.0,449.0,男装,M,2024-11-22 21:16:16,夏季,羊毛
372,SPU087,SPU087-黄色-M,针织衫热卖款,黄色 加长,黄色,加长,165.0,123.0,男装,M,2025-10-11 07:29:16,夏季,羊毛
373,SPU088,SPU088-橙色-均码,童装套装春季款,橙色 短款,橙色,短款,493.0,158.0,童装,均码,2024-11-28 12:32:54,春夏,混纺
374,SPU088,SPU088-橙色-XXL,童装套装春季款,橙色 标准,橙色,标准,181.0,321.0,童装,XXL,2024-01-02 20:52:46,春夏,混纺
375,SPU088,SPU088-橙色-均码,童装套装春季款,橙色 修身,橙色,修身,120.0,509.0,童装,均码,2024-04-27 11:43:52,春夏,羊毛
376,SPU089,SPU089-黄色-XXXL,跑步外套夏季款,黄色 加长,黄色,加长,498.0,116.0,运动,XXXL,2024-04-27 16:01:55,秋冬,丝
377,SPU089,SPU089-黄色-均码,跑步外套夏季款,黄色 宽松,黄色,宽松,219.0,476.0,运动,均码,2025-10-01 23:53:50,秋冬,麻
378,SPU089,SPU089-黄色-S,跑步外套夏季款,黄色 修身,黄色,修身,228.0,248.0,运动,S,2024-11-25 09:23:34,秋冬,棉
379,SPU089,SPU089-黄色-XL,跑步外套夏季款,黄色 宽松,黄色,宽松,439.0,637.0,运动,XL,2024-07-24 18:51:14,秋冬,混纺
380,SPU090,SPU090-紫色-XXXL,训练外套热卖款,紫色 标准,紫色,标准,388.0,393.0,运动,XXXL,2024-01-22 20:06:04,春夏,羊毛
381,SPU090,SPU090-紫色-XL,训练外套热卖款,紫色 标准,紫色,标准,397.0,541.0,运动,XL,2025-03-13 19:51:24,春夏,混纺
382,SPU090,SPU090-紫色-XXL,训练外套热卖款,紫色 短款,紫色,短款,291.0,375.0,运动,XXL,2024-05-17 06:21:44,春夏,麻
383,SPU090,SPU090-紫色-均码,训练外套热卖款,紫色 加长,紫色,加长,179.0,747.0,运动,均码,2024-03-11 17:56:33,春夏,涤纶
384,SPU091,SPU091-米色-XL,家居服夏季款,米色 修身,米色,修身,290.0,334.0,内衣,XL,2024-06-10 18:43:43,秋季,麻
385,SPU091,SPU091-米色-M,家居服夏季款,米色 修身,米色,修身,223.0,557.0,内衣,M,2024-01-11 03:46:44,秋季,麻
386,SPU091,SPU091-米色-XXXL,家居服夏季款,米色 宽松,米色,宽松,336.0,533.0,内衣,XXXL,2025-06-26 02:26:11,秋季,涤纶
387,SPU092,SPU092-黄色-S,套头卫衣经典款,黄色 短款,黄色,短款,307.0,386.0,运动,S,2024-04-23 01:34:35,春季,棉
388,SPU092,SPU092-黄色-XXL,套头卫衣经典款,黄色 短款,黄色,短款,162.0,499.0,运动,XXL,2024-12-06 11:08:12,春季,麻
389,SPU092,SPU092-黄色-S,套头卫衣经典款,黄色 标准,黄色,标准,60.0,521.0,运动,S,2025-05-17 15:23:24,春季,混纺
390,SPU092,SPU092-黄色-XXXL,套头卫衣经典款,黄色 短款,黄色,短款,280.0,235.0,运动,XXXL,2024-03-05 23:47:03,春季,涤纶
391,SPU092,SPU092-黄色-均码,套头卫衣经典款,黄色 标准,黄色,标准,375.0,268.0,运动,均码,2023-12-22 04:44:07,春季,麻
392,SPU093,SPU093-蓝色-XXL,跑步外套春季款,蓝色 宽松,蓝色,宽松,182.0,726.0,运动,XXL,2025-01-26 21:51:14,冬季,涤纶
393,SPU093,SPU093-蓝色-均码,跑步外套春季款,蓝色 加长,蓝色,加长,160.0,522.0,运动,均码,2024-10-03 18:35:11,冬季,涤纶
394,SPU093,SPU093-蓝色-M,跑步外套春季款,蓝色 加长,蓝色,加长,275.0,178.0,运动,M,2024-01-25 15:36:05,冬季,羊毛
395,SPU093,SPU093-蓝色-XXL,跑步外套春季款,蓝色 宽松,蓝色,宽松,160.0,605.0,运动,XXL,2025-05-14 18:42:15,冬季,棉
396,SPU093,SPU093-蓝色-XS,跑步外套春季款,蓝色 修身,蓝色,修身,357.0,384.0,运动,XS,2024-10-06 02:20:24,冬季,羊毛
397,SPU094,SPU094-米色-S,西装外套秋冬款,米色 加长,米色,加长,481.0,718.0,童装,S,2025-05-15 22:33:17,春夏,羊毛
398,SPU094,SPU094-米色-S,西装外套秋冬款,米色 短款,米色,短款,341.0,474.0,童装,S,2024-02-05 01:46:38,春夏,棉
399,SPU094,SPU094-米色-均码,西装外套秋冬款,米色 加长,米色,加长,422.0,142.0,童装,均码,2024-04-12 18:51:11,春夏,麻
400,SPU094,SPU094-米色-XS,西装外套秋冬款,米色 标准,米色,标准,230.0,749.0,童装,XS,2023-11-28 05:17:06,春夏,混纺
401,SPU095,SPU095-绿色-XXXL,西装外套热卖款,绿色 修身,绿色,修身,97.0,693.0,童装,XXXL,2024-04-05 05:19:05,夏季,羊毛
402,SPU095,SPU095-绿色-S,西装外套热卖款,绿色 宽松,绿色,宽松,215.0,560.0,童装,S,2025-01-25 08:58:01,夏季,涤纶
403,SPU095,SPU095-绿色-L,西装外套热卖款,绿色 加长,绿色,加长,145.0,168.0,童装,L,2024-07-28 21:07:47,夏季,混纺
404,SPU095,SPU095-绿色-S,西装外套热卖款,绿色 加长,绿色,加长,455.0,444.0,童装,S,2024-06-25 09:21:36,夏季,涤纶
405,SPU095,SPU095-绿色-XL,西装外套热卖款,绿色 标准,绿色,标准,183.0,411.0,童装,XL,2025-03-30 10:09:01,夏季,麻
406,SPU096,SPU096-灰色-XL,羊毛衫热卖款,灰色 短款,灰色,短款,66.0,198.0,女装,XL,2025-08-28 06:58:39,冬季,羊毛
407,SPU096,SPU096-灰色-XL,羊毛衫热卖款,灰色 修身,灰色,修身,149.0,360.0,女装,XL,2025-09-26 14:49:46,冬季,丝
408,SPU096,SPU096-灰色-XL,羊毛衫热卖款,灰色 标准,灰色,标准,475.0,211.0,女装,XL,2025-08-03 03:13:18,冬季,混纺
409,SPU096,SPU096-灰色-XL,羊毛衫热卖款,灰色 加长,灰色,加长,371.0,571.0,女装,XL,2025-01-15 00:11:27,冬季,涤纶
410,SPU096,SPU096-灰色-M,羊毛衫热卖款,灰色 宽松,灰色,宽松,323.0,701.0,女装,M,2025-09-03 12:32:04,冬季,丝
411,SPU097,SPU097-蓝色-XS,羽绒服经典款,蓝色 宽松,蓝色,宽松,312.0,204.0,男装,XS,2025-01-16 19:36:12,秋冬,棉
412,SPU097,SPU097-蓝色-XL,羽绒服经典款,蓝色 标准,蓝色,标准,375.0,622.0,男装,XL,2025-10-07 12:13:00,秋冬,羊毛
413,SPU097,SPU097-蓝色-XXXL,羽绒服经典款,蓝色 加长,蓝色,加长,328.0,219.0,男装,XXXL,2025-02-03 19:17:18,秋冬,丝
414,SPU097,SPU097-蓝色-M,羽绒服经典款,蓝色 短款,蓝色,短款,434.0,320.0,男装,M,2024-10-30 00:08:24,秋冬,丝
415,SPU097,SPU097-蓝色-XXXL,羽绒服经典款,蓝色 加长,蓝色,加长,342.0,710.0,男装,XXXL,2024-07-27 06:57:48,秋冬,麻
416,SPU098,SPU098-绿色-XXXL,休闲裤热卖款,绿色 修身,绿色,修身,351.0,145.0,女装,XXXL,2024-03-06 17:29:42,秋季,涤纶
417,SPU098,SPU098-绿色-XL,休闲裤热卖款,绿色 宽松,绿色,宽松,151.0,295.0,女装,XL,2025-09-14 23:39:19,秋季,混纺
418,SPU098,SPU098-绿色-S,休闲裤热卖款,绿色 宽松,绿色,宽松,210.0,422.0,女装,S,2024-09-20 16:15:42,秋季,混纺
419,SPU099,SPU099-棕色-L,短裤夏季款,棕色 宽松,棕色,宽松,214.0,123.0,童装,L,2025-03-10 16:03:40,夏季,混纺
420,SPU099,SPU099-棕色-S,短裤夏季款,棕色 标准,棕色,标准,278.0,290.0,童装,S,2024-07-30 16:06:39,夏季,羊毛
421,SPU099,SPU099-棕色-S,短裤夏季款,棕色 修身,棕色,修身,251.0,466.0,童装,S,2025-01-24 22:28:24,夏季,涤纶
422,SPU100,SPU100-棕色-M,百褶裙秋冬款,棕色 宽松,棕色,宽松,153.0,602.0,女装,M,2025-07-25 13:32:15,春夏,涤纶
423,SPU100,SPU100-棕色-XS,百褶裙秋冬款,棕色 短款,棕色,短款,170.0,294.0,女装,XS,2025-02-26 17:48:55,春夏,混纺
424,SPU100,SPU100-棕色-L,百褶裙秋冬款,棕色 修身,棕色,修身,458.0,193.0,女装,L,2024-06-12 00:36:01,春夏,丝
425,SPU100,SPU100-棕色-XS,百褶裙秋冬款,棕色 宽松,棕色,宽松,152.0,510.0,女装,XS,2025-01-08 18:22:23,春夏,羊毛
426,SPU101,SPU101-绿色-S,连帽卫衣春季款,绿色 短款,绿色,短款,447.0,136.0,女装,S,2024-11-08 02:46:42,夏季,混纺
427,SPU101,SPU101-绿色-S,连帽卫衣春季款,绿色 宽松,绿色,宽松,265.0,409.0,女装,S,2024-01-04 15:26:11,夏季,麻
428,SPU101,SPU101-绿色-L,连帽卫衣春季款,绿色 修身,绿色,修身,294.0,250.0,女装,L,2025-08-23 01:30:49,夏季,麻
429,SPU101,SPU101-绿色-XL,连帽卫衣春季款,绿色 短款,绿色,短款,54.0,401.0,女装,XL,2025-01-19 06:45:18,夏季,棉
430,SPU102,SPU102-绿色-L,套头卫衣秋冬款,绿色 短款,绿色,短款,413.0,530.0,运动,L,2024-11-22 07:30:25,秋冬,麻
431,SPU102,SPU102-绿色-XS,套头卫衣秋冬款,绿色 标准,绿色,标准,390.0,521.0,运动,XS,2025-06-24 14:13:35,秋冬,麻
432,SPU102,SPU102-绿色-M,套头卫衣秋冬款,绿色 标准,绿色,标准,278.0,460.0,运动,M,2024-11-11 19:00:58,秋冬,混纺
433,SPU102,SPU102-绿色-XL,套头卫衣秋冬款,绿色 标准,绿色,标准,440.0,274.0,运动,XL,2025-07-08 11:59:05,秋冬,丝
434,SPU102,SPU102-绿色-XL,套头卫衣秋冬款,绿色 加长,绿色,加长,100.0,630.0,运动,XL,2023-12-09 08:56:13,秋冬,涤纶
435,SPU103,SPU103-红色-XXL,家居服经典款,红色 短款,红色,短款,262.0,214.0,内衣,XXL,2025-10-29 17:51:27,春季,棉
436,SPU103,SPU103-红色-XXXL,家居服经典款,红色 标准,红色,标准,93.0,703.0,内衣,XXXL,2025-05-01 11:23:04,春季,丝
437,SPU103,SPU103-红色-M,家居服经典款,红色 宽松,红色,宽松,400.0,634.0,内衣,M,2024-10-10 20:01:45,春季,涤纶
438,SPU103,SPU103-红色-XL,家居服经典款,红色 短款,红色,短款,187.0,636.0,内衣,XL,2025-02-02 10:14:04,春季,麻
439,SPU104,SPU104-橙色-XL,羊毛衫热卖款,橙色 短款,橙色,短款,145.0,570.0,女装,XL,2023-11-25 07:08:01,春夏,丝
440,SPU104,SPU104-橙色-M,羊毛衫热卖款,橙色 宽松,橙色,宽松,395.0,650.0,女装,M,2023-12-29 15:23:00,春夏,涤纶
441,SPU104,SPU104-橙色-M,羊毛衫热卖款,橙色 标准,橙色,标准,481.0,787.0,女装,M,2024-10-25 02:47:36,春夏,混纺
442,SPU105,SPU105-米色-XL,速干短裤秋冬款,米色 宽松,米色,宽松,470.0,430.0,运动,XL,2024-07-10 20:48:50,秋冬,丝
443,SPU105,SPU105-米色-XXL,速干短裤秋冬款,米色 宽松,米色,宽松,188.0,609.0,运动,XXL,2024-12-04 22:56:44,秋冬,混纺
444,SPU105,SPU105-米色-XXL,速干短裤秋冬款,米色 加长,米色,加长,189.0,494.0,运动,XXL,2024-04-30 19:20:27,秋冬,麻
445,SPU105,SPU105-米色-XS,速干短裤秋冬款,米色 加长,米色,加长,75.0,386.0,运动,XS,2024-04-05 19:53:01,秋冬,混纺
446,SPU105,SPU105-米色-M,速干短裤秋冬款,米色 加长,米色,加长,395.0,114.0,运动,M,2024-08-24 00:35:12,秋冬,混纺
447,SPU106,SPU106-蓝色-XL,牛仔裤春季款,蓝色 标准,蓝色,标准,425.0,117.0,男装,XL,2025-09-17 13:51:20,秋季,麻
448,SPU106,SPU106-蓝色-XXXL,牛仔裤春季款,蓝色 标准,蓝色,标准,301.0,617.0,男装,XXXL,2024-01-26 16:43:40,秋季,涤纶
449,SPU106,SPU106-蓝色-均码,牛仔裤春季款,蓝色 标准,蓝色,标准,98.0,270.0,男装,均码,2024-07-05 11:44:43,秋季,丝
450,SPU107,SPU107-绿色-均码,风衣经典款,绿色 修身,绿色,修身,402.0,373.0,女装,均码,2025-04-29 11:18:09,冬季,混纺
451,SPU107,SPU107-绿色-均码,风衣经典款,绿色 宽松,绿色,宽松,176.0,525.0,女装,均码,2025-08-08 22:04:42,冬季,麻
452,SPU107,SPU107-绿色-XS,风衣经典款,绿色 修身,绿色,修身,75.0,340.0,女装,XS,2024-09-15 18:16:39,冬季,羊毛
453,SPU107,SPU107-绿色-XXL,风衣经典款,绿色 加长,绿色,加长,466.0,178.0,女装,XXL,2025-09-26 21:23:07,冬季,涤纶
454,SPU107,SPU107-绿色-S,风衣经典款,绿色 标准,绿色,标准,490.0,613.0,女装,S,2025-05-28 08:49:44,冬季,涤纶
455,SPU108,SPU108-黄色-XL,家居服新款,黄色 短款,黄色,短款,140.0,162.0,内衣,XL,2025-07-28 00:57:40,春夏,涤纶
456,SPU108,SPU108-黄色-XXL,家居服新款,黄色 短款,黄色,短款,296.0,562.0,内衣,XXL,2024-03-31 02:45:05,春夏,羊毛
457,SPU108,SPU108-黄色-XL,家居服新款,黄色 修身,黄色,修身,113.0,639.0,内衣,XL,2024-09-10 07:06:47,春夏,混纺
458,SPU109,SPU109-棕色-XXL,家居服热卖款,棕色 标准,棕色,标准,457.0,412.0,内衣,XXL,2025-06-28 18:45:26,秋冬,涤纶
459,SPU109,SPU109-棕色-M,家居服热卖款,棕色 标准,棕色,标准,261.0,423.0,内衣,M,2024-07-10 00:45:12,秋冬,丝
460,SPU109,SPU109-棕色-L,家居服热卖款,棕色 标准,棕色,标准,165.0,623.0,内衣,L,2024-04-27 04:09:16,秋冬,棉
461,SPU109,SPU109-棕色-M,家居服热卖款,棕色 修身,棕色,修身,339.0,399.0,内衣,M,2024-03-04 23:59:18,秋冬,麻
462,SPU109,SPU109-棕色-XS,家居服热卖款,棕色 短款,棕色,短款,77.0,793.0,内衣,XS,2025-10-21 12:37:36,秋冬,丝
463,SPU110,SPU110-黄色-XXXL,长袖T恤秋冬款,黄色 修身,黄色,修身,482.0,711.0,男装,XXXL,2025-06-24 05:32:15,冬季,丝
464,SPU110,SPU110-黄色-均码,长袖T恤秋冬款,黄色 标准,黄色,标准,309.0,544.0,男装,均码,2024-09-01 06:17:57,冬季,混纺
465,SPU110,SPU110-黄色-S,长袖T恤秋冬款,黄色 短款,黄色,短款,91.0,491.0,男装,S,2024-09-11 18:59:04,冬季,棉
466,SPU111,SPU111-白色-S,POLO衫春季款,白色 短款,白色,短款,465.0,527.0,童装,S,2025-05-23 15:40:02,春夏,涤纶
467,SPU111,SPU111-白色-S,POLO衫春季款,白色 加长,白色,加长,418.0,426.0,童装,S,2025-09-03 06:23:46,春夏,混纺
468,SPU111,SPU111-白色-M,POLO衫春季款,白色 标准,白色,标准,83.0,553.0,童装,M,2024-05-09 00:23:42,春夏,丝
469,SPU111,SPU111-白色-均码,POLO衫春季款,白色 短款,白色,短款,402.0,618.0,童装,均码,2025-01-22 21:26:59,春夏,麻
470,SPU111,SPU111-白色-XS,POLO衫春季款,白色 加长,白色,加长,309.0,104.0,童装,XS,2023-11-20 04:04:19,春夏,麻
471,SPU112,SPU112-红色-L,运动长裤春季款,红色 标准,红色,标准,242.0,281.0,运动,L,2025-05-29 06:11:20,秋冬,涤纶
472,SPU112,SPU112-红色-XXL,运动长裤春季款,红色 短款,红色,短款,256.0,566.0,运动,XXL,2024-02-01 10:44:47,秋冬,羊毛
473,SPU112,SPU112-红色-XXL,运动长裤春季款,红色 短款,红色,短款,119.0,641.0,运动,XXL,2025-09-10 09:38:33,秋冬,涤纶
474,SPU113,SPU113-白色-S,家居服新款,白色 修身,白色,修身,290.0,761.0,内衣,S,2023-11-20 22:54:50,春夏,棉
475,SPU113,SPU113-白色-M,家居服新款,白色 短款,白色,短款,207.0,148.0,内衣,M,2024-03-04 17:04:02,春夏,丝
476,SPU113,SPU113-白色-L,家居服新款,白色 宽松,白色,宽松,141.0,214.0,内衣,L,2023-11-13 23:03:46,春夏,丝
477,SPU113,SPU113-白色-L,家居服新款,白色 宽松,白色,宽松,398.0,119.0,内衣,L,2025-07-09 04:11:36,春夏,麻
478,SPU114,SPU114-米色-XS,家居服新款,米色 加长,米色,加长,440.0,698.0,内衣,XS,2024-10-20 13:03:30,秋冬,涤纶
479,SPU114,SPU114-米色-XXXL,家居服新款,米色 修身,米色,修身,251.0,379.0,内衣,XXXL,2024-07-02 01:08:25,秋冬,涤纶
480,SPU114,SPU114-米色-XXXL,家居服新款,米色 短款,米色,短款,417.0,165.0,内衣,XXXL,2024-09-06 21:45:43,秋冬,涤纶
481,SPU115,SPU115-黄色-S,家居服春季款,黄色 宽松,黄色,宽松,390.0,184.0,内衣,S,2024-10-20 14:46:43,春季,麻
482,SPU115,SPU115-黄色-XXL,家居服春季款,黄色 标准,黄色,标准,237.0,247.0,内衣,XXL,2024-09-21 02:20:10,春季,棉
483,SPU115,SPU115-黄色-XXL,家居服春季款,黄色 加长,黄色,加长,165.0,178.0,内衣,XXL,2025-02-10 20:56:35,春季,麻
484,SPU115,SPU115-黄色-XS,家居服春季款,黄色 修身,黄色,修身,221.0,394.0,内衣,XS,2025-01-16 15:37:52,春季,棉
485,SPU115,SPU115-黄色-XXL,家居服春季款,黄色 标准,黄色,标准,476.0,686.0,内衣,XXL,2025-04-09 19:59:41,春季,麻
486,SPU116,SPU116-灰色-L,家居服热卖款,灰色 修身,灰色,修身,343.0,667.0,内衣,L,2025-03-03 13:29:29,秋季,麻
487,SPU116,SPU116-灰色-XS,家居服热卖款,灰色 标准,灰色,标准,378.0,728.0,内衣,XS,2024-04-13 12:20:16,秋季,棉
488,SPU116,SPU116-灰色-M,家居服热卖款,灰色 宽松,灰色,宽松,130.0,106.0,内衣,M,2024-08-25 11:05:45,秋季,羊毛
489,SPU116,SPU116-灰色-M,家居服热卖款,灰色 宽松,灰色,宽松,363.0,634.0,内衣,M,2025-07-06 10:05:36,秋季,棉
490,SPU116,SPU116-灰色-L,家居服热卖款,灰色 标准,灰色,标准,217.0,390.0,内衣,L,2024-08-15 22:56:46,秋季,涤纶
491,SPU117,SPU117-白色-M,短裤秋冬款,白色 短款,白色,短款,484.0,619.0,女装,M,2024-09-19 05:49:38,夏季,混纺
492,SPU117,SPU117-白色-M,短裤秋冬款,白色 标准,白色,标准,446.0,177.0,女装,M,2023-12-05 12:07:17,夏季,涤纶
493,SPU117,SPU117-白色-XS,短裤秋冬款,白色 加长,白色,加长,142.0,383.0,女装,XS,2025-08-23 20:07:16,夏季,丝
494,SPU117,SPU117-白色-XL,短裤秋冬款,白色 短款,白色,短款,194.0,648.0,女装,XL,2024-01-09 07:21:57,夏季,丝
495,SPU118,SPU118-绿色-XS,西装外套夏季款,绿色 宽松,绿色,宽松,461.0,133.0,男装,XS,2025-05-07 11:13:12,冬季,麻
496,SPU118,SPU118-绿色-M,西装外套夏季款,绿色 宽松,绿色,宽松,95.0,344.0,男装,M,2024-10-16 10:42:35,冬季,涤纶
497,SPU118,SPU118-绿色-S,西装外套夏季款,绿色 加长,绿色,加长,495.0,179.0,男装,S,2025-01-15 03:32:23,冬季,麻
498,SPU119,SPU119-米色-均码,针织衫秋冬款,米色 宽松,米色,宽松,436.0,667.0,童装,均码,2025-07-10 10:45:21,秋冬,棉
499,SPU119,SPU119-米色-XL,针织衫秋冬款,米色 加长,米色,加长,261.0,732.0,童装,XL,2024-03-10 14:08:16,秋冬,涤纶
500,SPU119,SPU119-米色-XXL,针织衫秋冬款,米色 短款,米色,短款,215.0,530.0,童装,XXL,2024-04-09 14:43:02,秋冬,混纺
501,SPU119,SPU119-米色-S,针织衫秋冬款,米色 加长,米色,加长,272.0,682.0,童装,S,2024-05-07 18:56:24,秋冬,羊毛
502,SPU120,SPU120-白色-L,风衣秋冬款,白色 短款,白色,短款,108.0,760.0,男装,L,2025-02-06 07:59:28,春季,涤纶
503,SPU120,SPU120-白色-S,风衣秋冬款,白色 修身,白色,修身,373.0,298.0,男装,S,2024-04-22 22:50:31,春季,羊毛
504,SPU120,SPU120-白色-S,风衣秋冬款,白色 宽松,白色,宽松,152.0,229.0,男装,S,2024-10-12 22:50:58,春季,混纺
505,SPU121,SPU121-粉色-均码,家居服春季款,粉色 短款,粉色,短款,284.0,504.0,内衣,均码,2024-10-16 00:01:50,冬季,丝
506,SPU121,SPU121-粉色-M,家居服春季款,粉色 标准,粉色,标准,240.0,563.0,内衣,M,2025-09-06 06:39:10,冬季,羊毛
507,SPU121,SPU121-粉色-XS,家居服春季款,粉色 加长,粉色,加长,334.0,656.0,内衣,XS,2024-02-22 13:12:18,冬季,涤纶
508,SPU121,SPU121-粉色-XS,家居服春季款,粉色 宽松,粉色,宽松,336.0,685.0,内衣,XS,2024-05-27 11:37:51,冬季,涤纶
509,SPU122,SPU122-米色-XXL,短裤经典款,米色 修身,米色,修身,307.0,439.0,童装,XXL,2025-08-31 16:14:48,冬季,丝
510,SPU122,SPU122-米色-L,短裤经典款,米色 短款,米色,短款,233.0,795.0,童装,L,2025-05-01 16:18:05,冬季,麻
511,SPU122,SPU122-米色-XL,短裤经典款,米色 短款,米色,短款,248.0,621.0,童装,XL,2024-08-29 06:51:59,冬季,混纺
512,SPU123,SPU123-粉色-XXL,家居服夏季款,粉色 宽松,粉色,宽松,165.0,665.0,内衣,XXL,2024-04-02 06:17:53,春季,麻
513,SPU123,SPU123-粉色-均码,家居服夏季款,粉色 修身,粉色,修身,351.0,340.0,内衣,均码,2024-06-17 20:20:06,春季,羊毛
514,SPU123,SPU123-粉色-XL,家居服夏季款,粉色 修身,粉色,修身,402.0,399.0,内衣,XL,2024-07-29 07:29:38,春季,棉
515,SPU123,SPU123-粉色-M,家居服夏季款,粉色 修身,粉色,修身,152.0,420.0,内衣,M,2025-05-03 21:25:04,春季,棉
516,SPU123,SPU123-粉色-S,家居服夏季款,粉色 短款,粉色,短款,371.0,188.0,内衣,S,2025-02-21 18:04:13,春季,丝
517,SPU124,SPU124-绿色-XXXL,训练外套秋冬款,绿色 短款,绿色,短款,493.0,158.0,运动,XXXL,2025-05-11 13:18:15,秋冬,羊毛
518,SPU124,SPU124-绿色-M,训练外套秋冬款,绿色 加长,绿色,加长,419.0,720.0,运动,M,2024-11-27 14:34:24,秋冬,羊毛
519,SPU124,SPU124-绿色-L,训练外套秋冬款,绿色 宽松,绿色,宽松,428.0,255.0,运动,L,2025-02-20 11:10:10,秋冬,棉
520,SPU124,SPU124-绿色-L,训练外套秋冬款,绿色 标准,绿色,标准,287.0,646.0,运动,L,2025-06-22 16:02:06,秋冬,羊毛
521,SPU125,SPU125-紫色-XS,休闲裤经典款,紫色 短款,紫色,短款,213.0,261.0,童装,XS,2024-05-12 04:20:10,秋季,羊毛
522,SPU125,SPU125-紫色-M,休闲裤经典款,紫色 标准,紫色,标准,121.0,576.0,童装,M,2025-02-02 10:20:02,秋季,混纺
523,SPU125,SPU125-紫色-L,休闲裤经典款,紫色 宽松,紫色,宽松,293.0,769.0,童装,L,2025-08-16 16:33:46,秋季,麻
524,SPU125,SPU125-紫色-L,休闲裤经典款,紫色 标准,紫色,标准,72.0,778.0,童装,L,2025-04-16 19:45:39,秋季,麻
525,SPU125,SPU125-紫色-XL,休闲裤经典款,紫色 加长,紫色,加长,455.0,780.0,童装,XL,2025-07-08 10:55:03,秋季,麻
526,SPU126,SPU126-粉色-M,包臀裙热卖款,粉色 标准,粉色,标准,50.0,276.0,女装,M,2024-05-17 03:09:47,春夏,羊毛
527,SPU126,SPU126-粉色-XL,包臀裙热卖款,粉色 宽松,粉色,宽松,465.0,529.0,女装,XL,2025-08-12 01:50:21,春夏,棉
528,SPU126,SPU126-粉色-XS,包臀裙热卖款,粉色 加长,粉色,加长,113.0,437.0,女装,XS,2025-06-05 03:21:50,春夏,涤纶
529,SPU126,SPU126-粉色-L,包臀裙热卖款,粉色 加长,粉色,加长,404.0,552.0,女装,L,2025-05-13 01:53:42,春夏,麻
530,SPU127,SPU127-蓝色-L,家居服秋冬款,蓝色 标准,蓝色,标准,82.0,774.0,内衣,L,2025-03-12 11:34:44,冬季,丝
531,SPU127,SPU127-蓝色-M,家居服秋冬款,蓝色 加长,蓝色,加长,106.0,618.0,内衣,M,2023-12-04 14:53:28,冬季,混纺
532,SPU127,SPU127-蓝色-M,家居服秋冬款,蓝色 宽松,蓝色,宽松,250.0,571.0,内衣,M,2025-09-25 04:59:39,冬季,丝
533,SPU127,SPU127-蓝色-XS,家居服秋冬款,蓝色 修身,蓝色,修身,284.0,467.0,内衣,XS,2025-04-23 16:18:32,冬季,混纺
534,SPU127,SPU127-蓝色-均码,家居服秋冬款,蓝色 宽松,蓝色,宽松,347.0,309.0,内衣,均码,2024-09-28 23:58:33,冬季,棉
535,SPU128,SPU128-棕色-均码,针织连衣裙新款,棕色 宽松,棕色,宽松,82.0,785.0,女装,均码,2024-09-02 10:45:34,春季,混纺
536,SPU128,SPU128-棕色-XXL,针织连衣裙新款,棕色 标准,棕色,标准,477.0,129.0,女装,XXL,2025-04-19 12:13:01,春季,丝
537,SPU128,SPU128-棕色-S,针织连衣裙新款,棕色 加长,棕色,加长,242.0,218.0,女装,S,2025-07-04 23:04:07,春季,混纺
538,SPU128,SPU128-棕色-均码,针织连衣裙新款,棕色 标准,棕色,标准,151.0,172.0,女装,均码,2024-02-05 18:35:57,春季,混纺
539,SPU128,SPU128-棕色-XXL,针织连衣裙新款,棕色 宽松,棕色,宽松,441.0,565.0,女装,XXL,2024-04-09 18:14:47,春季,混纺
540,SPU129,SPU129-米色-XS,家居服秋冬款,米色 修身,米色,修身,439.0,296.0,内衣,XS,2025-03-24 07:23:43,夏季,混纺
541,SPU129,SPU129-米色-XL,家居服秋冬款,米色 标准,米色,标准,338.0,330.0,内衣,XL,2025-01-19 05:02:04,夏季,混纺
542,SPU129,SPU129-米色-XL,家居服秋冬款,米色 标准,米色,标准,87.0,171.0,内衣,XL,2025-01-25 20:12:19,夏季,麻
543,SPU129,SPU129-米色-L,家居服秋冬款,米色 短款,米色,短款,273.0,514.0,内衣,L,2025-08-06 12:22:18,夏季,混纺
544,SPU130,SPU130-黑色-均码,休闲衬衫热卖款,黑色 短款,黑色,短款,323.0,496.0,童装,均码,2025-03-29 20:58:06,夏季,羊毛
545,SPU130,SPU130-黑色-XXXL,休闲衬衫热卖款,黑色 修身,黑色,修身,321.0,513.0,童装,XXXL,2025-04-12 05:23:42,夏季,混纺
546,SPU130,SPU130-黑色-S,休闲衬衫热卖款,黑色 短款,黑色,短款,93.0,777.0,童装,S,2024-06-09 00:09:46,夏季,涤纶
547,SPU130,SPU130-黑色-XXL,休闲衬衫热卖款,黑色 短款,黑色,短款,353.0,733.0,童装,XXL,2025-09-25 01:28:22,夏季,麻
548,SPU131,SPU131-棕色-XS,运动套装秋冬款,棕色 标准,棕色,标准,341.0,408.0,童装,XS,2024-11-27 17:41:29,春季,麻
549,SPU131,SPU131-棕色-XS,运动套装秋冬款,棕色 加长,棕色,加长,416.0,540.0,童装,XS,2023-12-19 16:36:10,春季,麻
550,SPU131,SPU131-棕色-XS,运动套装秋冬款,棕色 宽松,棕色,宽松,305.0,117.0,童装,XS,2025-07-06 04:52:05,春季,丝
551,SPU131,SPU131-棕色-S,运动套装秋冬款,棕色 标准,棕色,标准,464.0,661.0,童装,S,2025-03-08 06:26:55,春季,混纺
552,SPU132,SPU132-灰色-XXL,风衣新款,灰色 标准,灰色,标准,209.0,776.0,童装,XXL,2025-06-27 03:05:38,冬季,丝
553,SPU132,SPU132-灰色-均码,风衣新款,灰色 修身,灰色,修身,196.0,589.0,童装,均码,2025-07-29 03:49:10,冬季,混纺
554,SPU132,SPU132-灰色-XL,风衣新款,灰色 宽松,灰色,宽松,144.0,640.0,童装,XL,2024-05-31 02:33:48,冬季,羊毛
555,SPU132,SPU132-灰色-XXL,风衣新款,灰色 加长,灰色,加长,389.0,647.0,童装,XXL,2023-11-04 02:42:06,冬季,涤纶
556,SPU133,SPU133-黑色-XXL,家居服新款,黑色 标准,黑色,标准,327.0,618.0,内衣,XXL,2025-08-18 22:40:57,春夏,涤纶
557,SPU133,SPU133-黑色-XXL,家居服新款,黑色 标准,黑色,标准,96.0,605.0,内衣,XXL,2024-08-30 20:35:24,春夏,混纺
558,SPU133,SPU133-黑色-XXXL,家居服新款,黑色 标准,黑色,标准,330.0,548.0,内衣,XXXL,2025-02-23 05:49:55,春夏,麻
559,SPU133,SPU133-黑色-L,家居服新款,黑色 标准,黑色,标准,435.0,440.0,内衣,L,2024-05-09 18:10:11,春夏,丝
560,SPU134,SPU134-粉色-M,西装外套春季款,粉色 宽松,粉色,宽松,195.0,178.0,童装,M,2025-04-18 19:52:03,春夏,羊毛
561,SPU134,SPU134-粉色-XL,西装外套春季款,粉色 短款,粉色,短款,365.0,492.0,童装,XL,2023-12-06 17:53:24,春夏,羊毛
562,SPU134,SPU134-粉色-M,西装外套春季款,粉色 加长,粉色,加长,328.0,153.0,童装,M,2024-12-18 14:52:43,春夏,棉
563,SPU134,SPU134-粉色-S,西装外套春季款,粉色 短款,粉色,短款,462.0,564.0,童装,S,2024-09-08 02:34:35,春夏,丝
564,SPU135,SPU135-棕色-XXL,风衣春季款,棕色 短款,棕色,短款,209.0,193.0,童装,XXL,2025-05-03 11:16:44,春夏,麻
565,SPU135,SPU135-棕色-S,风衣春季款,棕色 标准,棕色,标准,326.0,780.0,童装,S,2024-04-20 21:14:57,春夏,丝
566,SPU135,SPU135-棕色-L,风衣春季款,棕色 加长,棕色,加长,422.0,272.0,童装,L,2024-07-27 20:56:41,春夏,涤纶
567,SPU136,SPU136-灰色-XS,休闲衬衫秋冬款,灰色 加长,灰色,加长,151.0,587.0,男装,XS,2024-10-06 12:56:04,春夏,涤纶
568,SPU136,SPU136-灰色-L,休闲衬衫秋冬款,灰色 宽松,灰色,宽松,248.0,668.0,男装,L,2023-12-19 11:41:10,春夏,涤纶
569,SPU136,SPU136-灰色-XS,休闲衬衫秋冬款,灰色 标准,灰色,标准,160.0,115.0,男装,XS,2024-07-18 12:36:05,春夏,羊毛
570,SPU136,SPU136-灰色-均码,休闲衬衫秋冬款,灰色 加长,灰色,加长,237.0,486.0,男装,均码,2024-03-25 05:15:32,春夏,羊毛
571,SPU136,SPU136-灰色-L,休闲衬衫秋冬款,灰色 加长,灰色,加长,134.0,463.0,男装,L,2025-09-28 01:04:38,春夏,麻
572,SPU137,SPU137-黄色-XXXL,西装外套秋冬款,黄色 标准,黄色,标准,368.0,787.0,童装,XXXL,2024-01-11 08:44:55,秋冬,丝
573,SPU137,SPU137-黄色-XXXL,西装外套秋冬款,黄色 标准,黄色,标准,214.0,748.0,童装,XXXL,2025-03-28 06:05:45,秋冬,涤纶
574,SPU137,SPU137-黄色-XXL,西装外套秋冬款,黄色 短款,黄色,短款,211.0,771.0,童装,XXL,2025-09-10 09:05:34,秋冬,涤纶
575,SPU137,SPU137-黄色-XXL,西装外套秋冬款,黄色 宽松,黄色,宽松,408.0,505.0,童装,XXL,2025-05-30 04:18:26,秋冬,棉
576,SPU137,SPU137-黄色-均码,西装外套秋冬款,黄色 短款,黄色,短款,191.0,665.0,童装,均码,2025-03-23 18:28:43,秋冬,羊毛
577,SPU138,SPU138-棕色-XXL,跑步外套热卖款,棕色 短款,棕色,短款,419.0,257.0,运动,XXL,2024-09-19 19:22:40,春季,丝
578,SPU138,SPU138-棕色-XS,跑步外套热卖款,棕色 加长,棕色,加长,328.0,448.0,运动,XS,2023-11-13 09:48:24,春季,麻
579,SPU138,SPU138-棕色-S,跑步外套热卖款,棕色 宽松,棕色,宽松,60.0,414.0,运动,S,2025-04-06 01:06:15,春季,混纺
580,SPU139,SPU139-粉色-均码,休闲衬衫新款,粉色 宽松,粉色,宽松,79.0,348.0,男装,均码,2024-05-18 19:06:13,春夏,混纺
581,SPU139,SPU139-粉色-XL,休闲衬衫新款,粉色 短款,粉色,短款,163.0,728.0,男装,XL,2024-09-09 06:01:27,春夏,棉
582,SPU139,SPU139-粉色-均码,休闲衬衫新款,粉色 加长,粉色,加长,367.0,760.0,男装,均码,2024-10-17 12:06:36,春夏,麻
583,SPU140,SPU140-橙色-均码,家居服热卖款,橙色 标准,橙色,标准,292.0,572.0,内衣,均码,2024-04-12 00:39:42,夏季,丝
584,SPU140,SPU140-橙色-L,家居服热卖款,橙色 短款,橙色,短款,409.0,456.0,内衣,L,2025-08-23 20:59:44,夏季,麻
585,SPU140,SPU140-橙色-M,家居服热卖款,橙色 短款,橙色,短款,491.0,511.0,内衣,M,2024-12-23 03:31:26,夏季,棉
586,SPU141,SPU141-红色-XXL,跑步外套春季款,红色 短款,红色,短款,104.0,784.0,运动,XXL,2024-05-12 17:49:32,秋冬,羊毛
587,SPU141,SPU141-红色-S,跑步外套春季款,红色 短款,红色,短款,236.0,213.0,运动,S,2024-07-22 10:33:25,秋冬,涤纶
588,SPU141,SPU141-红色-L,跑步外套春季款,红色 短款,红色,短款,398.0,793.0,运动,L,2024-05-06 11:05:14,秋冬,涤纶
589,SPU141,SPU141-红色-XS,跑步外套春季款,红色 加长,红色,加长,378.0,332.0,运动,XS,2025-07-08 17:46:06,秋冬,棉
590,SPU141,SPU141-红色-XXXL,跑步外套春季款,红色 短款,红色,短款,365.0,580.0,运动,XXXL,2024-09-17 20:22:15,秋冬,麻
591,SPU142,SPU142-棕色-均码,童装套装经典款,棕色 宽松,棕色,宽松,431.0,228.0,童装,均码,2024-01-22 21:00:34,冬季,丝
592,SPU142,SPU142-棕色-XXL,童装套装经典款,棕色 宽松,棕色,宽松,368.0,715.0,童装,XXL,2025-06-13 10:02:42,冬季,麻
593,SPU142,SPU142-棕色-S,童装套装经典款,棕色 宽松,棕色,宽松,167.0,240.0,童装,S,2024-07-14 13:31:17,冬季,丝
594,SPU142,SPU142-棕色-S,童装套装经典款,棕色 标准,棕色,标准,253.0,166.0,童装,S,2025-01-05 15:10:31,冬季,丝
595,SPU143,SPU143-黄色-XS,羽绒服夏季款,黄色 短款,黄色,短款,77.0,361.0,男装,XS,2025-09-12 05:47:50,冬季,涤纶
596,SPU143,SPU143-黄色-XS,羽绒服夏季款,黄色 短款,黄色,短款,56.0,329.0,男装,XS,2025-04-09 03:15:08,冬季,丝
597,SPU143,SPU143-黄色-XS,羽绒服夏季款,黄色 短款,黄色,短款,304.0,702.0,男装,XS,2024-12-20 18:28:01,冬季,涤纶
598,SPU144,SPU144-橙色-均码,牛仔裤秋冬款,橙色 宽松,橙色,宽松,291.0,783.0,男装,均码,2024-10-05 08:13:49,春夏,棉
599,SPU144,SPU144-橙色-M,牛仔裤秋冬款,橙色 短款,橙色,短款,218.0,224.0,男装,M,2025-07-12 01:39:07,春夏,麻
600,SPU144,SPU144-橙色-M,牛仔裤秋冬款,橙色 短款,橙色,短款,117.0,673.0,男装,M,2024-07-19 06:16:47,春夏,棉
601,SPU145,SPU145-红色-S,西装外套经典款,红色 标准,红色,标准,471.0,175.0,女装,S,2025-08-11 09:11:13,秋季,混纺
602,SPU145,SPU145-红色-M,西装外套经典款,红色 短款,红色,短款,283.0,730.0,女装,M,2024-05-25 23:41:37,秋季,麻
603,SPU145,SPU145-红色-L,西装外套经典款,红色 短款,红色,短款,120.0,529.0,女装,L,2025-09-22 07:39:44,秋季,丝
604,SPU145,SPU145-红色-均码,西装外套经典款,红色 短款,红色,短款,424.0,649.0,女装,均码,2025-01-02 16:01:27,秋季,棉
605,SPU145,SPU145-红色-S,西装外套经典款,红色 标准,红色,标准,161.0,199.0,女装,S,2025-07-20 11:49:11,秋季,麻
606,SPU146,SPU146-米色-XS,套头卫衣秋冬款,米色 标准,米色,标准,76.0,788.0,运动,XS,2025-08-02 00:44:08,冬季,麻
607,SPU146,SPU146-米色-S,套头卫衣秋冬款,米色 短款,米色,短款,91.0,558.0,运动,S,2024-04-05 14:31:51,冬季,羊毛
608,SPU146,SPU146-米色-XXXL,套头卫衣秋冬款,米色 短款,米色,短款,339.0,298.0,运动,XXXL,2024-06-17 07:22:56,冬季,涤纶
609,SPU147,SPU147-蓝色-XL,POLO衫夏季款,蓝色 加长,蓝色,加长,232.0,364.0,男装,XL,2024-06-05 15:47:04,秋冬,麻
610,SPU147,SPU147-蓝色-XS,POLO衫夏季款,蓝色 加长,蓝色,加长,97.0,493.0,男装,XS,2024-02-14 01:30:36,秋冬,羊毛
611,SPU147,SPU147-蓝色-XXXL,POLO衫夏季款,蓝色 标准,蓝色,标准,274.0,650.0,男装,XXXL,2023-12-14 17:46:27,秋冬,丝
612,SPU147,SPU147-蓝色-XS,POLO衫夏季款,蓝色 短款,蓝色,短款,424.0,232.0,男装,XS,2024-06-08 05:06:54,秋冬,棉
613,SPU148,SPU148-黄色-M,休闲衬衫秋冬款,黄色 标准,黄色,标准,383.0,474.0,男装,M,2025-04-03 12:26:00,秋季,棉
614,SPU148,SPU148-黄色-XL,休闲衬衫秋冬款,黄色 加长,黄色,加长,135.0,775.0,男装,XL,2023-11-07 16:56:36,秋季,棉
615,SPU148,SPU148-黄色-XXXL,休闲衬衫秋冬款,黄色 短款,黄色,短款,286.0,225.0,男装,XXXL,2025-06-10 21:07:06,秋季,丝
616,SPU148,SPU148-黄色-XS,休闲衬衫秋冬款,黄色 宽松,黄色,宽松,94.0,765.0,男装,XS,2024-12-25 03:35:07,秋季,涤纶
617,SPU149,SPU149-粉色-S,POLO衫经典款,粉色 宽松,粉色,宽松,273.0,500.0,女装,S,2024-10-15 23:21:52,春季,羊毛
618,SPU149,SPU149-粉色-XS,POLO衫经典款,粉色 修身,粉色,修身,465.0,244.0,女装,XS,2024-09-18 14:31:30,春季,混纺
619,SPU149,SPU149-粉色-S,POLO衫经典款,粉色 标准,粉色,标准,52.0,268.0,女装,S,2023-11-20 09:25:24,春季,丝
620,SPU149,SPU149-粉色-M,POLO衫经典款,粉色 加长,粉色,加长,422.0,360.0,女装,M,2025-01-06 08:18:19,春季,麻
621,SPU149,SPU149-粉色-XS,POLO衫经典款,粉色 宽松,粉色,宽松,114.0,272.0,女装,XS,2024-07-19 20:53:44,春季,混纺
622,SPU150,SPU150-米色-XL,家居服秋冬款,米色 宽松,米色,宽松,473.0,557.0,内衣,XL,2025-07-15 03:25:52,秋季,丝
623,SPU150,SPU150-米色-XXXL,家居服秋冬款,米色 修身,米色,修身,237.0,390.0,内衣,XXXL,2024-09-09 23:41:22,秋季,丝
624,SPU150,SPU150-米色-L,家居服秋冬款,米色 加长,米色,加长,164.0,107.0,内衣,L,2024-12-20 12:58:32,秋季,混纺
625,SPU150,SPU150-米色-XXXL,家居服秋冬款,米色 修身,米色,修身,363.0,414.0,内衣,XXXL,2024-03-31 20:49:35,秋季,混纺
626,SPU151,SPU151-蓝色-S,休闲衬衫夏季款,蓝色 修身,蓝色,修身,102.0,732.0,男装,S,2024-04-25 20:01:43,春季,麻
627,SPU151,SPU151-蓝色-S,休闲衬衫夏季款,蓝色 宽松,蓝色,宽松,292.0,217.0,男装,S,2025-08-18 16:42:05,春季,混纺
628,SPU151,SPU151-蓝色-XL,休闲衬衫夏季款,蓝色 加长,蓝色,加长,178.0,301.0,男装,XL,2024-09-15 00:56:50,春季,羊毛
629,SPU151,SPU151-蓝色-XL,休闲衬衫夏季款,蓝色 修身,蓝色,修身,392.0,376.0,男装,XL,2024-03-28 19:50:33,春季,涤纶
630,SPU151,SPU151-蓝色-S,休闲衬衫夏季款,蓝色 短款,蓝色,短款,431.0,241.0,男装,S,2024-12-23 00:42:02,春季,羊毛
631,SPU152,SPU152-绿色-均码,套头卫衣夏季款,绿色 修身,绿色,修身,100.0,127.0,运动,均码,2025-01-27 22:53:13,春夏,麻
632,SPU152,SPU152-绿色-M,套头卫衣夏季款,绿色 修身,绿色,修身,393.0,664.0,运动,M,2023-12-28 18:00:31,春夏,涤纶
633,SPU152,SPU152-绿色-XXXL,套头卫衣夏季款,绿色 短款,绿色,短款,217.0,617.0,运动,XXXL,2024-03-30 21:17:00,春夏,麻
634,SPU153,SPU153-红色-L,童装套装夏季款,红色 宽松,红色,宽松,376.0,131.0,童装,L,2024-06-02 11:13:52,春季,棉
635,SPU153,SPU153-红色-M,童装套装夏季款,红色 标准,红色,标准,437.0,276.0,童装,M,2025-07-09 13:26:47,春季,涤纶
636,SPU153,SPU153-红色-XXL,童装套装夏季款,红色 加长,红色,加长,140.0,551.0,童装,XXL,2023-12-26 04:17:12,春季,麻
637,SPU153,SPU153-红色-XXXL,童装套装夏季款,红色 宽松,红色,宽松,476.0,454.0,童装,XXXL,2024-09-01 09:03:15,春季,涤纶
638,SPU153,SPU153-红色-M,童装套装夏季款,红色 宽松,红色,宽松,201.0,605.0,童装,M,2024-09-13 16:56:11,春季,棉
639,SPU154,SPU154-黑色-L,短裤热卖款,黑色 短款,黑色,短款,288.0,490.0,男装,L,2024-08-05 02:27:29,秋冬,涤纶
640,SPU154,SPU154-黑色-XXL,短裤热卖款,黑色 修身,黑色,修身,100.0,146.0,男装,XXL,2025-03-15 18:44:10,秋冬,羊毛
641,SPU154,SPU154-黑色-XS,短裤热卖款,黑色 短款,黑色,短款,374.0,607.0,男装,XS,2025-10-06 15:26:02,秋冬,丝
642,SPU154,SPU154-黑色-XXL,短裤热卖款,黑色 修身,黑色,修身,115.0,173.0,男装,XXL,2024-08-16 15:58:25,秋冬,涤纶
643,SPU155,SPU155-米色-XS,家居服夏季款,米色 短款,米色,短款,76.0,371.0,内衣,XS,2024-10-02 21:32:00,春季,羊毛
644,SPU155,SPU155-米色-S,家居服夏季款,米色 宽松,米色,宽松,393.0,125.0,内衣,S,2024-03-24 22:26:05,春季,羊毛
645,SPU155,SPU155-米色-S,家居服夏季款,米色 修身,米色,修身,342.0,738.0,内衣,S,2023-11-30 16:41:47,春季,羊毛
646,SPU156,SPU156-米色-XL,休闲裤热卖款,米色 短款,米色,短款,224.0,737.0,童装,XL,2025-05-13 18:28:38,春夏,涤纶
647,SPU156,SPU156-米色-均码,休闲裤热卖款,米色 短款,米色,短款,163.0,786.0,童装,均码,2025-07-04 02:52:05,春夏,混纺
648,SPU156,SPU156-米色-均码,休闲裤热卖款,米色 加长,米色,加长,464.0,207.0,童装,均码,2024-06-24 02:33:04,春夏,羊毛
649,SPU156,SPU156-米色-XXL,休闲裤热卖款,米色 宽松,米色,宽松,115.0,546.0,童装,XXL,2024-06-13 16:32:35,春夏,涤纶
650,SPU156,SPU156-米色-XXXL,休闲裤热卖款,米色 标准,米色,标准,447.0,358.0,童装,XXXL,2025-10-21 16:14:00,春夏,棉
651,SPU157,SPU157-灰色-M,速干短裤春季款,灰色 修身,灰色,修身,257.0,597.0,运动,M,2025-09-25 11:34:34,春夏,羊毛
652,SPU157,SPU157-灰色-L,速干短裤春季款,灰色 加长,灰色,加长,106.0,539.0,运动,L,2025-10-30 22:57:59,春夏,涤纶
653,SPU157,SPU157-灰色-XXXL,速干短裤春季款,灰色 加长,灰色,加长,448.0,422.0,运动,XXXL,2025-01-05 19:07:41,春夏,麻
654,SPU157,SPU157-灰色-均码,速干短裤春季款,灰色 加长,灰色,加长,259.0,336.0,运动,均码,2024-11-17 12:23:47,春夏,混纺
655,SPU158,SPU158-白色-L,休闲裤新款,白色 宽松,白色,宽松,148.0,234.0,女装,L,2024-01-20 17:16:42,秋季,涤纶
656,SPU158,SPU158-白色-XXL,休闲裤新款,白色 加长,白色,加长,297.0,635.0,女装,XXL,2024-01-15 03:14:45,秋季,麻
657,SPU158,SPU158-白色-XXL,休闲裤新款,白色 标准,白色,标准,146.0,199.0,女装,XXL,2024-11-08 05:45:49,秋季,棉
658,SPU158,SPU158-白色-均码,休闲裤新款,白色 标准,白色,标准,457.0,769.0,女装,均码,2024-05-20 10:03:59,秋季,羊毛
659,SPU159,SPU159-红色-L,运动长裤新款,红色 宽松,红色,宽松,202.0,723.0,运动,L,2024-02-17 06:42:40,夏季,混纺
660,SPU159,SPU159-红色-XXXL,运动长裤新款,红色 短款,红色,短款,244.0,760.0,运动,XXXL,2025-06-13 05:11:55,夏季,棉
661,SPU159,SPU159-红色-L,运动长裤新款,红色 加长,红色,加长,305.0,221.0,运动,L,2024-04-11 18:51:26,夏季,混纺
662,SPU159,SPU159-红色-M,运动长裤新款,红色 加长,红色,加长,309.0,661.0,运动,M,2024-07-20 04:34:58,夏季,涤纶
663,SPU160,SPU160-粉色-均码,家居服新款,粉色 宽松,粉色,宽松,441.0,191.0,内衣,均码,2024-01-30 11:02:50,秋冬,麻
664,SPU160,SPU160-粉色-XXL,家居服新款,粉色 短款,粉色,短款,470.0,529.0,内衣,XXL,2025-10-13 02:16:06,秋冬,混纺
665,SPU160,SPU160-粉色-XS,家居服新款,粉色 修身,粉色,修身,404.0,160.0,内衣,XS,2023-12-03 10:59:30,秋冬,棉
666,SPU160,SPU160-粉色-XS,家居服新款,粉色 标准,粉色,标准,434.0,319.0,内衣,XS,2024-10-26 12:48:55,秋冬,丝
667,SPU161,SPU161-棕色-M,POLO衫热卖款,棕色 宽松,棕色,宽松,188.0,146.0,童装,M,2025-02-06 00:36:16,冬季,羊毛
668,SPU161,SPU161-棕色-XXL,POLO衫热卖款,棕色 短款,棕色,短款,457.0,413.0,童装,XXL,2025-04-07 01:05:56,冬季,丝
669,SPU161,SPU161-棕色-M,POLO衫热卖款,棕色 标准,棕色,标准,186.0,662.0,童装,M,2025-04-09 11:38:05,冬季,涤纶
670,SPU162,SPU162-白色-XXXL,休闲衬衫春季款,白色 修身,白色,修身,290.0,533.0,男装,XXXL,2024-10-06 19:21:40,春夏,涤纶
671,SPU162,SPU162-白色-均码,休闲衬衫春季款,白色 标准,白色,标准,360.0,733.0,男装,均码,2024-06-17 16:13:49,春夏,棉
672,SPU162,SPU162-白色-M,休闲衬衫春季款,白色 加长,白色,加长,94.0,128.0,男装,M,2024-03-15 05:31:11,春夏,麻
673,SPU163,SPU163-米色-均码,针织连衣裙夏季款,米色 宽松,米色,宽松,395.0,510.0,女装,均码,2025-04-29 23:29:35,夏季,丝
674,SPU163,SPU163-米色-均码,针织连衣裙夏季款,米色 短款,米色,短款,307.0,413.0,女装,均码,2024-06-30 11:42:00,夏季,棉
675,SPU163,SPU163-米色-均码,针织连衣裙夏季款,米色 短款,米色,短款,205.0,338.0,女装,均码,2024-06-20 12:47:37,夏季,棉
676,SPU163,SPU163-米色-XXL,针织连衣裙夏季款,米色 修身,米色,修身,130.0,537.0,女装,XXL,2025-07-22 12:27:58,夏季,混纺
677,SPU164,SPU164-白色-S,连帽卫衣热卖款,白色 宽松,白色,宽松,483.0,324.0,女装,S,2024-12-19 21:59:15,春夏,混纺
678,SPU164,SPU164-白色-S,连帽卫衣热卖款,白色 标准,白色,标准,321.0,660.0,女装,S,2025-06-21 07:09:44,春夏,棉
679,SPU164,SPU164-白色-XXXL,连帽卫衣热卖款,白色 宽松,白色,宽松,214.0,277.0,女装,XXXL,2025-05-10 11:45:25,春夏,羊毛
680,SPU164,SPU164-白色-XL,连帽卫衣热卖款,白色 短款,白色,短款,457.0,116.0,女装,XL,2024-08-19 09:45:13,春夏,丝
681,SPU165,SPU165-红色-L,针织衫经典款,红色 标准,红色,标准,168.0,797.0,女装,L,2024-03-23 09:51:29,秋季,丝
682,SPU165,SPU165-红色-XS,针织衫经典款,红色 标准,红色,标准,387.0,632.0,女装,XS,2025-03-26 17:35:43,秋季,麻
683,SPU165,SPU165-红色-S,针织衫经典款,红色 标准,红色,标准,298.0,191.0,女装,S,2023-11-22 10:41:10,秋季,羊毛
684,SPU166,SPU166-棕色-XS,家居服春季款,棕色 标准,棕色,标准,221.0,733.0,内衣,XS,2025-05-05 18:02:33,冬季,麻
685,SPU166,SPU166-棕色-XXXL,家居服春季款,棕色 修身,棕色,修身,363.0,289.0,内衣,XXXL,2025-08-19 16:10:06,冬季,麻
686,SPU166,SPU166-棕色-XXL,家居服春季款,棕色 标准,棕色,标准,411.0,698.0,内衣,XXL,2024-08-16 19:28:05,冬季,麻
687,SPU167,SPU167-棕色-XXL,连帽卫衣热卖款,棕色 宽松,棕色,宽松,474.0,603.0,男装,XXL,2024-10-12 20:26:52,春季,羊毛
688,SPU167,SPU167-棕色-L,连帽卫衣热卖款,棕色 加长,棕色,加长,177.0,158.0,男装,L,2025-03-15 06:45:58,春季,麻
689,SPU167,SPU167-棕色-S,连帽卫衣热卖款,棕色 标准,棕色,标准,438.0,727.0,男装,S,2024-08-29 04:11:48,春季,棉
690,SPU167,SPU167-棕色-M,连帽卫衣热卖款,棕色 修身,棕色,修身,159.0,224.0,男装,M,2024-07-06 21:01:33,春季,棉
691,SPU168,SPU168-黄色-L,连帽卫衣秋冬款,黄色 修身,黄色,修身,439.0,107.0,男装,L,2024-09-17 03:33:46,冬季,棉
692,SPU168,SPU168-黄色-XXL,连帽卫衣秋冬款,黄色 短款,黄色,短款,82.0,508.0,男装,XXL,2025-05-17 23:53:44,冬季,麻
693,SPU168,SPU168-黄色-XXL,连帽卫衣秋冬款,黄色 修身,黄色,修身,326.0,139.0,男装,XXL,2024-11-15 19:41:08,冬季,涤纶
694,SPU169,SPU169-棕色-S,包臀裙热卖款,棕色 宽松,棕色,宽松,91.0,766.0,女装,S,2024-12-16 08:35:07,秋季,棉
695,SPU169,SPU169-棕色-XXXL,包臀裙热卖款,棕色 宽松,棕色,宽松,145.0,602.0,女装,XXXL,2025-08-15 11:18:23,秋季,麻
696,SPU169,SPU169-棕色-XXL,包臀裙热卖款,棕色 短款,棕色,短款,137.0,672.0,女装,XXL,2023-12-09 20:26:52,秋季,混纺
697,SPU170,SPU170-黄色-M,运动长裤春季款,黄色 加长,黄色,加长,180.0,573.0,运动,M,2024-04-13 15:39:05,秋冬,棉
698,SPU170,SPU170-黄色-均码,运动长裤春季款,黄色 宽松,黄色,宽松,278.0,156.0,运动,均码,2025-05-21 21:21:28,秋冬,涤纶
699,SPU170,SPU170-黄色-XL,运动长裤春季款,黄色 宽松,黄色,宽松,445.0,503.0,运动,XL,2024-04-22 15:45:41,秋冬,涤纶
700,SPU170,SPU170-黄色-S,运动长裤春季款,黄色 修身,黄色,修身,135.0,694.0,运动,S,2025-03-05 14:24:39,秋冬,涤纶
701,SPU171,SPU171-米色-XL,家居服秋冬款,米色 短款,米色,短款,236.0,548.0,内衣,XL,2025-06-10 12:56:46,夏季,涤纶
702,SPU171,SPU171-米色-XXXL,家居服秋冬款,米色 标准,米色,标准,421.0,615.0,内衣,XXXL,2024-10-18 23:02:34,夏季,羊毛
703,SPU171,SPU171-米色-XS,家居服秋冬款,米色 标准,米色,标准,177.0,213.0,内衣,XS,2025-05-02 19:21:12,夏季,棉
704,SPU172,SPU172-绿色-XXL,短裤春季款,绿色 修身,绿色,修身,329.0,672.0,男装,XXL,2024-01-10 04:44:37,冬季,棉
705,SPU172,SPU172-绿色-均码,短裤春季款,绿色 修身,绿色,修身,490.0,572.0,男装,均码,2023-12-07 10:43:18,冬季,丝
706,SPU172,SPU172-绿色-XXL,短裤春季款,绿色 短款,绿色,短款,355.0,146.0,男装,XXL,2024-07-06 21:35:16,冬季,丝
707,SPU173,SPU173-粉色-均码,POLO衫热卖款,粉色 标准,粉色,标准,384.0,436.0,童装,均码,2025-04-01 13:18:53,秋冬,麻
708,SPU173,SPU173-粉色-XL,POLO衫热卖款,粉色 加长,粉色,加长,191.0,799.0,童装,XL,2023-12-15 22:17:06,秋冬,涤纶
709,SPU173,SPU173-粉色-L,POLO衫热卖款,粉色 短款,粉色,短款,127.0,584.0,童装,L,2025-05-06 03:08:09,秋冬,麻
710,SPU173,SPU173-粉色-均码,POLO衫热卖款,粉色 加长,粉色,加长,196.0,657.0,童装,均码,2025-02-08 12:29:28,秋冬,麻
711,SPU173,SPU173-粉色-均码,POLO衫热卖款,粉色 加长,粉色,加长,253.0,199.0,童装,均码,2024-01-18 18:51:13,秋冬,麻
712,SPU174,SPU174-红色-M,连帽卫衣热卖款,红色 标准,红色,标准,222.0,709.0,男装,M,2025-10-11 14:31:45,春季,涤纶
713,SPU174,SPU174-红色-XXXL,连帽卫衣热卖款,红色 标准,红色,标准,56.0,654.0,男装,XXXL,2025-05-01 04:25:47,春季,混纺
714,SPU174,SPU174-红色-M,连帽卫衣热卖款,红色 宽松,红色,宽松,317.0,229.0,男装,M,2024-10-23 09:52:18,春季,棉
715,SPU174,SPU174-红色-XS,连帽卫衣热卖款,红色 加长,红色,加长,263.0,290.0,男装,XS,2024-06-14 08:10:03,春季,涤纶
716,SPU175,SPU175-绿色-XXXL,针织衫新款,绿色 宽松,绿色,宽松,187.0,769.0,童装,XXXL,2024-12-18 14:59:47,春季,羊毛
717,SPU175,SPU175-绿色-XL,针织衫新款,绿色 宽松,绿色,宽松,135.0,525.0,童装,XL,2025-05-25 01:10:49,春季,麻
718,SPU175,SPU175-绿色-XXXL,针织衫新款,绿色 加长,绿色,加长,476.0,212.0,童装,XXXL,2025-02-13 08:20:20,春季,混纺
719,SPU176,SPU176-粉色-S,休闲衬衫秋冬款,粉色 修身,粉色,修身,479.0,594.0,男装,S,2024-10-14 01:31:26,春夏,羊毛
720,SPU176,SPU176-粉色-XL,休闲衬衫秋冬款,粉色 宽松,粉色,宽松,156.0,760.0,男装,XL,2024-04-24 02:22:43,春夏,涤纶
721,SPU176,SPU176-粉色-XXXL,休闲衬衫秋冬款,粉色 加长,粉色,加长,56.0,316.0,男装,XXXL,2025-03-15 16:31:27,春夏,涤纶
722,SPU177,SPU177-橙色-XL,家居服夏季款,橙色 短款,橙色,短款,243.0,185.0,内衣,XL,2024-08-24 15:33:54,春季,涤纶
723,SPU177,SPU177-橙色-XL,家居服夏季款,橙色 标准,橙色,标准,376.0,665.0,内衣,XL,2025-01-14 19:50:16,春季,涤纶
724,SPU177,SPU177-橙色-XXL,家居服夏季款,橙色 短款,橙色,短款,487.0,144.0,内衣,XXL,2024-07-09 14:58:33,春季,麻
725,SPU177,SPU177-橙色-XXL,家居服夏季款,橙色 加长,橙色,加长,161.0,761.0,内衣,XXL,2024-07-19 09:38:08,春季,混纺
726,SPU178,SPU178-粉色-均码,家居服热卖款,粉色 标准,粉色,标准,300.0,504.0,内衣,均码,2025-09-30 04:23:26,春夏,丝
727,SPU178,SPU178-粉色-L,家居服热卖款,粉色 宽松,粉色,宽松,484.0,647.0,内衣,L,2025-08-14 07:56:10,春夏,羊毛
728,SPU178,SPU178-粉色-L,家居服热卖款,粉色 短款,粉色,短款,324.0,669.0,内衣,L,2025-05-13 11:01:43,春夏,涤纶
729,SPU179,SPU179-黄色-均码,连帽卫衣春季款,黄色 修身,黄色,修身,191.0,717.0,男装,均码,2024-12-25 07:17:46,冬季,麻
730,SPU179,SPU179-黄色-M,连帽卫衣春季款,黄色 短款,黄色,短款,195.0,470.0,男装,M,2025-03-11 22:22:25,冬季,麻
731,SPU179,SPU179-黄色-XL,连帽卫衣春季款,黄色 修身,黄色,修身,252.0,644.0,男装,XL,2024-10-14 01:58:22,冬季,丝
732,SPU179,SPU179-黄色-M,连帽卫衣春季款,黄色 标准,黄色,标准,431.0,141.0,男装,M,2024-03-28 01:37:02,冬季,涤纶
733,SPU180,SPU180-橙色-XS,家居服经典款,橙色 标准,橙色,标准,210.0,534.0,内衣,XS,2023-11-12 05:03:30,春季,羊毛
734,SPU180,SPU180-橙色-M,家居服经典款,橙色 标准,橙色,标准,481.0,439.0,内衣,M,2025-09-02 11:11:02,春季,丝
735,SPU180,SPU180-橙色-L,家居服经典款,橙色 宽松,橙色,宽松,481.0,518.0,内衣,L,2023-12-06 02:58:21,春季,棉
736,SPU181,SPU181-棕色-XS,羽绒服夏季款,棕色 宽松,棕色,宽松,286.0,453.0,女装,XS,2024-09-03 06:30:06,夏季,涤纶
737,SPU181,SPU181-棕色-XXXL,羽绒服夏季款,棕色 加长,棕色,加长,365.0,697.0,女装,XXXL,2025-07-08 23:13:38,夏季,丝
738,SPU181,SPU181-棕色-XL,羽绒服夏季款,棕色 宽松,棕色,宽松,115.0,118.0,女装,XL,2024-09-18 03:04:35,夏季,混纺
739,SPU181,SPU181-棕色-XXXL,羽绒服夏季款,棕色 修身,棕色,修身,216.0,643.0,女装,XXXL,2024-06-28 21:17:41,夏季,涤纶
740,SPU182,SPU182-橙色-XXXL,休闲衬衫夏季款,橙色 短款,橙色,短款,121.0,411.0,男装,XXXL,2024-12-31 05:09:31,春夏,丝
741,SPU182,SPU182-橙色-S,休闲衬衫夏季款,橙色 标准,橙色,标准,255.0,238.0,男装,S,2024-07-23 21:42:52,春夏,羊毛
742,SPU182,SPU182-橙色-均码,休闲衬衫夏季款,橙色 标准,橙色,标准,123.0,190.0,男装,均码,2024-04-27 11:02:02,春夏,棉
743,SPU182,SPU182-橙色-S,休闲衬衫夏季款,橙色 修身,橙色,修身,440.0,487.0,男装,S,2025-03-01 06:25:03,春夏,丝
744,SPU183,SPU183-粉色-XXXL,休闲衬衫夏季款,粉色 短款,粉色,短款,61.0,404.0,童装,XXXL,2024-09-21 13:43:42,春季,丝
745,SPU183,SPU183-粉色-XXXL,休闲衬衫夏季款,粉色 宽松,粉色,宽松,197.0,685.0,童装,XXXL,2023-12-21 15:22:55,春季,棉
746,SPU183,SPU183-粉色-XL,休闲衬衫夏季款,粉色 标准,粉色,标准,305.0,498.0,童装,XL,2024-07-04 12:17:52,春季,羊毛
747,SPU184,SPU184-棕色-M,速干T恤秋冬款,棕色 加长,棕色,加长,79.0,148.0,运动,M,2024-11-16 02:50:51,秋冬,涤纶
748,SPU184,SPU184-棕色-S,速干T恤秋冬款,棕色 短款,棕色,短款,124.0,600.0,运动,S,2024-03-13 10:24:53,秋冬,棉
749,SPU184,SPU184-棕色-XXL,速干T恤秋冬款,棕色 标准,棕色,标准,202.0,389.0,运动,XXL,2025-07-11 23:58:43,秋冬,棉
750,SPU185,SPU185-米色-XS,家居服经典款,米色 短款,米色,短款,237.0,653.0,内衣,XS,2025-07-22 01:15:51,秋冬,混纺
751,SPU185,SPU185-米色-M,家居服经典款,米色 短款,米色,短款,420.0,670.0,内衣,M,2025-01-20 01:27:27,秋冬,麻
752,SPU185,SPU185-米色-M,家居服经典款,米色 修身,米色,修身,393.0,708.0,内衣,M,2024-02-02 11:06:01,秋冬,涤纶
753,SPU185,SPU185-米色-L,家居服经典款,米色 修身,米色,修身,340.0,490.0,内衣,L,2024-11-06 01:10:15,秋冬,棉
754,SPU186,SPU186-棕色-L,连帽卫衣夏季款,棕色 加长,棕色,加长,69.0,253.0,运动,L,2025-01-14 02:48:30,夏季,涤纶
755,SPU186,SPU186-棕色-M,连帽卫衣夏季款,棕色 宽松,棕色,宽松,275.0,326.0,运动,M,2024-11-27 04:11:22,夏季,混纺
756,SPU186,SPU186-棕色-XXXL,连帽卫衣夏季款,棕色 修身,棕色,修身,280.0,303.0,运动,XXXL,2025-05-08 10:13:18,夏季,棉
757,SPU186,SPU186-棕色-XXXL,连帽卫衣夏季款,棕色 短款,棕色,短款,81.0,240.0,运动,XXXL,2025-04-11 03:43:14,夏季,棉
758,SPU186,SPU186-棕色-L,连帽卫衣夏季款,棕色 宽松,棕色,宽松,312.0,105.0,运动,L,2023-11-11 11:18:50,夏季,混纺
759,SPU187,SPU187-黄色-XXL,短袖T恤春季款,黄色 短款,黄色,短款,454.0,215.0,男装,XXL,2024-05-28 16:04:12,冬季,涤纶
760,SPU187,SPU187-黄色-M,短袖T恤春季款,黄色 短款,黄色,短款,53.0,539.0,男装,M,2025-05-11 20:09:14,冬季,羊毛
761,SPU187,SPU187-黄色-XL,短袖T恤春季款,黄色 标准,黄色,标准,300.0,458.0,男装,XL,2024-09-29 15:41:41,冬季,涤纶
762,SPU188,SPU188-黄色-XL,风衣夏季款,黄色 标准,黄色,标准,138.0,729.0,童装,XL,2025-09-02 03:12:28,秋冬,麻
763,SPU188,SPU188-黄色-S,风衣夏季款,黄色 标准,黄色,标准,253.0,412.0,童装,S,2024-05-30 01:11:55,秋冬,混纺
764,SPU188,SPU188-黄色-XXXL,风衣夏季款,黄色 宽松,黄色,宽松,133.0,129.0,童装,XXXL,2025-09-12 14:50:16,秋冬,棉
765,SPU189,SPU189-蓝色-L,跑步外套夏季款,蓝色 短款,蓝色,短款,381.0,309.0,运动,L,2024-06-04 00:07:09,春夏,混纺
766,SPU189,SPU189-蓝色-L,跑步外套夏季款,蓝色 短款,蓝色,短款,418.0,353.0,运动,L,2024-11-06 15:45:53,春夏,棉
767,SPU189,SPU189-蓝色-L,跑步外套夏季款,蓝色 短款,蓝色,短款,451.0,690.0,运动,L,2025-04-15 03:53:09,春夏,涤纶
768,SPU189,SPU189-蓝色-XS,跑步外套夏季款,蓝色 标准,蓝色,标准,56.0,681.0,运动,XS,2024-01-26 18:22:14,春夏,丝
769,SPU189,SPU189-蓝色-L,跑步外套夏季款,蓝色 加长,蓝色,加长,476.0,372.0,运动,L,2024-10-26 16:07:19,春夏,丝
770,SPU190,SPU190-米色-M,家居服秋冬款,米色 加长,米色,加长,266.0,518.0,内衣,M,2024-01-06 03:28:45,秋季,混纺
771,SPU190,SPU190-米色-L,家居服秋冬款,米色 修身,米色,修身,327.0,719.0,内衣,L,2025-04-08 19:13:32,秋季,棉
772,SPU190,SPU190-米色-XS,家居服秋冬款,米色 修身,米色,修身,476.0,751.0,内衣,XS,2024-01-05 17:51:30,秋季,丝
773,SPU190,SPU190-米色-均码,家居服秋冬款,米色 加长,米色,加长,378.0,773.0,内衣,均码,2024-02-21 22:09:38,秋季,棉
774,SPU191,SPU191-粉色-L,运动套装新款,粉色 宽松,粉色,宽松,487.0,619.0,童装,L,2025-10-05 06:07:31,夏季,丝
775,SPU191,SPU191-粉色-S,运动套装新款,粉色 标准,粉色,标准,238.0,116.0,童装,S,2025-06-08 02:02:16,夏季,棉
776,SPU191,SPU191-粉色-S,运动套装新款,粉色 标准,粉色,标准,114.0,420.0,童装,S,2024-09-26 02:49:20,夏季,涤纶
777,SPU192,SPU192-橙色-XS,家居服夏季款,橙色 加长,橙色,加长,129.0,179.0,内衣,XS,2025-05-01 15:40:49,夏季,混纺
778,SPU192,SPU192-橙色-L,家居服夏季款,橙色 加长,橙色,加长,441.0,506.0,内衣,L,2024-11-24 19:08:07,夏季,羊毛
779,SPU192,SPU192-橙色-XL,家居服夏季款,橙色 标准,橙色,标准,60.0,494.0,内衣,XL,2025-05-23 08:26:54,夏季,棉
780,SPU193,SPU193-棕色-M,针织衫夏季款,棕色 宽松,棕色,宽松,79.0,575.0,女装,M,2024-03-14 22:47:25,冬季,棉
781,SPU193,SPU193-棕色-XS,针织衫夏季款,棕色 加长,棕色,加长,245.0,426.0,女装,XS,2024-08-27 16:11:01,冬季,涤纶
782,SPU193,SPU193-棕色-XS,针织衫夏季款,棕色 短款,棕色,短款,454.0,560.0,女装,XS,2025-07-20 19:34:51,冬季,丝
783,SPU193,SPU193-棕色-XL,针织衫夏季款,棕色 加长,棕色,加长,141.0,287.0,女装,XL,2023-12-13 16:25:59,冬季,混纺
784,SPU193,SPU193-棕色-XL,针织衫夏季款,棕色 宽松,棕色,宽松,156.0,414.0,女装,XL,2025-08-07 00:34:00,冬季,棉
785,SPU194,SPU194-红色-XXXL,套头卫衣春季款,红色 短款,红色,短款,478.0,442.0,运动,XXXL,2024-07-15 04:27:07,秋季,涤纶
786,SPU194,SPU194-红色-XS,套头卫衣春季款,红色 标准,红色,标准,214.0,519.0,运动,XS,2025-07-04 21:50:57,秋季,麻
787,SPU194,SPU194-红色-均码,套头卫衣春季款,红色 短款,红色,短款,124.0,561.0,运动,均码,2025-10-23 08:23:37,秋季,丝
788,SPU194,SPU194-红色-M,套头卫衣春季款,红色 标准,红色,标准,381.0,343.0,运动,M,2025-07-15 09:38:52,秋季,涤纶
789,SPU194,SPU194-红色-XXXL,套头卫衣春季款,红色 标准,红色,标准,260.0,343.0,运动,XXXL,2025-05-12 07:24:36,秋季,丝
790,SPU195,SPU195-橙色-均码,套头卫衣经典款,橙色 短款,橙色,短款,234.0,773.0,女装,均码,2025-06-26 23:21:51,夏季,棉
791,SPU195,SPU195-橙色-XL,套头卫衣经典款,橙色 宽松,橙色,宽松,200.0,351.0,女装,XL,2024-08-15 00:47:33,夏季,麻
792,SPU195,SPU195-橙色-均码,套头卫衣经典款,橙色 短款,橙色,短款,438.0,215.0,女装,均码,2025-01-06 13:24:56,夏季,棉
793,SPU196,SPU196-紫色-M,休闲衬衫春季款,紫色 短款,紫色,短款,204.0,543.0,男装,M,2025-07-20 09:44:02,冬季,混纺
794,SPU196,SPU196-紫色-M,休闲衬衫春季款,紫色 短款,紫色,短款,113.0,671.0,男装,M,2024-03-10 06:10:56,冬季,涤纶
795,SPU196,SPU196-紫色-XXXL,休闲衬衫春季款,紫色 修身,紫色,修身,421.0,717.0,男装,XXXL,2024-04-09 07:47:33,冬季,羊毛
796,SPU196,SPU196-紫色-XS,休闲衬衫春季款,紫色 短款,紫色,短款,97.0,103.0,男装,XS,2025-07-19 21:11:05,冬季,羊毛
797,SPU197,SPU197-白色-L,训练外套经典款,白色 标准,白色,标准,270.0,328.0,运动,L,2025-04-24 13:52:01,春夏,丝
798,SPU197,SPU197-白色-XXXL,训练外套经典款,白色 短款,白色,短款,346.0,375.0,运动,XXXL,2025-02-01 10:52:05,春夏,羊毛
799,SPU197,SPU197-白色-XXL,训练外套经典款,白色 加长,白色,加长,360.0,792.0,运动,XXL,2024-09-20 08:40:59,春夏,涤纶
800,SPU197,SPU197-白色-均码,训练外套经典款,白色 宽松,白色,宽松,425.0,727.0,运动,均码,2024-06-15 10:39:20,春夏,涤纶
801,SPU197,SPU197-白色-XS,训练外套经典款,白色 短款,白色,短款,410.0,447.0,运动,XS,2023-12-20 10:05:47,春夏,棉
802,SPU198,SPU198-灰色-L,休闲衬衫秋冬款,灰色 加长,灰色,加长,186.0,246.0,女装,L,2024-12-10 08:44:45,秋季,混纺
803,SPU198,SPU198-灰色-S,休闲衬衫秋冬款,灰色 宽松,灰色,宽松,61.0,122.0,女装,S,2024-12-10 13:20:55,秋季,棉
804,SPU198,SPU198-灰色-L,休闲衬衫秋冬款,灰色 宽松,灰色,宽松,422.0,576.0,女装,L,2024-09-05 04:44:07,秋季,棉
805,SPU198,SPU198-灰色-XL,休闲衬衫秋冬款,灰色 加长,灰色,加长,478.0,395.0,女装,XL,2025-02-24 10:29:58,秋季,丝
806,SPU198,SPU198-灰色-XXXL,休闲衬衫秋冬款,灰色 修身,灰色,修身,364.0,310.0,女装,XXXL,2025-10-06 03:43:54,秋季,麻
807,SPU199,SPU199-蓝色-XL,羽绒服春季款,蓝色 加长,蓝色,加长,329.0,744.0,童装,XL,2024-10-26 15:21:34,春夏,混纺
808,SPU199,SPU199-蓝色-XS,羽绒服春季款,蓝色 加长,蓝色,加长,490.0,450.0,童装,XS,2024-09-01 22:54:16,春夏,丝
809,SPU199,SPU199-蓝色-XS,羽绒服春季款,蓝色 标准,蓝色,标准,365.0,703.0,童装,XS,2025-06-28 15:45:42,春夏,麻
810,SPU199,SPU199-蓝色-S,羽绒服春季款,蓝色 加长,蓝色,加长,360.0,534.0,童装,S,2025-08-04 00:35:21,春夏,丝
