自增ID,款号,款式名称商品名称,商品标签,产品分类,中类,退货率,销售数量,净销量,实发数量,实发金额,销售金额,销售成本,实发成本,销售毛利,退货数量,实退数量,退货金额,退货成本,实退成本,实退金额,退货毛利,净销售额,净销售成本,净销售毛利,优惠金额,运费收入,运费支出,基本金额,已付金额,实发退货率,基本售价,五类,延续内容,延续月份,年份,季节,商品状态,折扣,现货,货量,主仓,SKC库存,净销售金额,设计师(人员),元素类型,上新波次,销售顶峰,可售周期,小波段,超级直播,延续方向,延续结果,复盘结论,开售评级
1,SPU000,家居服春季款,设计师款,内衣,家居服,0.0357,4508,4347,3896,24394.98,10773.34,7385.83,8191.45,3387.51,161,104,973.68,627.21,741.73,592.14,376.815,10181.2,6644.1,3537.1,1015.93,45.66,5.25,12420.56,8997.44,0.0267,463.84,D类,经典款,3月,2025,春季,在售,0.5,581,1234,219,475,10181.2,普军,时尚,第三波,12月,长期,B波,是,创新,一般,好,C
2,SPU001,套头卫衣热卖款,爆款,男装,卫衣,0.0451,2107,2012,1380,39747.62,28821.28,17376.73,25072.64,11444.55,95,1,2367.36,384.78,2256.55,996.33,1186.752,27824.95,15120.18,12704.77,767.52,7.03,9.71,25916.64,24560.26,0.0007,155.98,C类,改进款,5月,2025,冬季,下架,0.51,669,736,1418,120,27824.95,邵瑜,简约,第一波,12月,1年,B波,是,创新,成功,需改进,C
3,SPU002,运动长裤夏季款,设计师款,运动,运动裤,0.0398,3917,3761,3062,49453.06,19307.62,11213.41,27972.52,8094.21,156,116,783.46,500.62,1301.08,2660.43,936.205,16647.19,9912.33,6734.86,1710.31,4.09,13.4,20881.32,15747.69,0.0379,303.88,A类,无,9月,2023,秋季,下架,0.57,335,1749,1065,226,16647.19,张俊,简约,第二波,全年平销,长期,A波,是,延续,待评估,一般,E
4,SPU003,家居服新款,联名,内衣,家居服,0.0832,3787,3472,1621,13468.4,1147.76,444.37,4384.02,703.39,315,11,171.22,62.59,30.8,23.21,13.831,1124.55,413.57,710.98,107.94,1.59,12.27,1271.25,1094.01,0.0068,490.25,未分组,经典款,6月,2024,夏季,清仓,0.69,699,1974,1355,447,1124.55,刘秀珍,商务,第二波,9月,3个月,B波,是,改进,一般,好,A
5,SPU004,童装套装新款,新品,童装,套装,0.1355,3107,2686,1013,23570.64,8600.95,3228.73,14703.16,5372.22,421,117,590.83,378.56,378.31,1139.88,718.405,7461.07,2850.42,4610.65,98.12,10.3,3.03,6996.28,7909.06,0.1155,366.48,A类,升级款,12月,2023,夏季,清仓,0.62,222,1544,115,71,7461.07,沈华,商务,第三波,6月,1年,E波,是,改进,失败,一般,E
6,SPU005,条纹衬衫秋冬款,爆款,男装,衬衫,0.1423,499,428,320,34258.76,28236.68,9000.54,21045.9,19236.14,71,22,1542.37,614.61,900.63,1643.89,594.213,26592.79,8099.91,18492.88,1239.07,37.72,14.21,32182.37,24287.7,0.0688,368.41,D类,延续款,9月,2024,夏季,下架,0.76,397,497,522,104,26592.79,黄峰,时尚,第一波,12月,1年,A波,否,延续,失败,优秀,E
7,SPU006,训练外套夏季款,热卖,运动,运动外套,0.1427,4813,4126,1777,24490.32,43604.22,18888.73,16771.73,24715.49,687,572,1152.21,2832.18,229.44,6278.26,1904.302,37325.96,18659.29,18666.67,1388.07,30.22,6.14,50844.73,39697.97,0.3219,398.98,D类,经典款,9月,2025,春季,预售,0.63,525,1807,1018,238,37325.96,毛丽华,简约,第四波,9月,6个月,C波,是,停用,成功,一般,B
8,SPU007,羽绒服新款,联名,女装,外套,0.09,4744,4317,1248,10613.4,12270.91,6478.01,4617.1,5792.9,427,151,1434.11,507.92,564.17,544.86,644.739,11726.05,5913.84,5812.21,939.5,23.04,21.98,11545.34,10160.21,0.121,295.95,B类,无,11月,2023,秋季,在售,0.92,76,1935,1368,24,11726.05,彭俊,简约,第四波,6月,6个月,A波,否,延续,一般,优秀,C
9,SPU008,开衫春季款,设计师款,女装,毛衣,0.1481,54,46,26,1580.7,26941.46,11043.2,915.45,15898.26,8,8,1893.45,1563.27,136.94,3956.28,557.987,22985.18,10906.26,12078.92,2495.44,26.22,7.23,28232.29,22913.27,0.3077,209.5,D类,延续款,6月,2024,夏季,下架,0.62,713,462,614,350,22985.18,吴琳,简约,第一波,3月,长期,D波,是,停用,成功,好,B
10,SPU009,开衫热卖款,清仓,女装,毛衣,0.1065,2713,2424,2163,46038.46,12258.56,8096.89,14668.99,4161.67,289,48,250.18,1130.18,723.46,1310.69,565.586,10947.87,7373.43,3574.44,744.29,1.65,27.86,11348.9,12164.09,0.0222,314.17,未分组,经典款,2月,2024,秋冬,下架,0.62,854,1739,796,346,10947.87,张平,商务,第三波,12月,6个月,A波,是,延续,成功,优秀,B
11,SPU010,套头卫衣秋冬款,爆款,女装,卫衣,0.0702,242,225,125,12178.78,28098.85,12649.28,4071.09,15449.57,17,14,2714.52,1539.77,1164.02,1011.65,1696.907,27087.2,11485.26,15601.94,488.45,7.71,21.35,29603.83,26635.77,0.112,192.51,A类,延续款,1月,2024,夏季,预售,0.88,104,271,178,95,27087.2,虞楠,休闲,第四波,全年平销,长期,A波,否,延续,失败,好,E
12,SPU011,运动T恤春季款,联名,运动,运动T恤,0.0883,2390,2179,346,36517.35,28417.29,19809.47,16516.53,8607.82,211,99,836.54,1033.23,1643.29,1249.9,680.339,27167.39,18166.18,9001.21,445.98,21.73,12.63,28238.05,23171.01,0.2861,163.26,B类,经典款,10月,2025,秋冬,清仓,0.55,311,13,810,170,27167.39,李宇,商务,第四波,9月,长期,C波,是,改进,失败,需改进,E
13,SPU012,条纹衬衫夏季款,设计师款,男装,衬衫,0.05,3262,3099,3010,35052.93,25059.36,13290.27,21534.65,11769.09,163,74,1531.18,1867.14,832.61,1101.09,446.896,23958.27,12457.66,11500.61,2499.77,9.0,23.03,20317.29,23692.19,0.0246,474.34,B类,经典款,无,2024,冬季,在售,0.91,814,1628,837,344,23958.27,徐杨,休闲,第二波,9月,6个月,C波,否,停用,待评估,好,D
14,SPU013,套头卫衣新款,新品,运动,卫衣,0.1031,4150,3722,301,39745.32,18616.95,12253.69,13662.37,6363.26,428,278,833.15,1262.83,1217.35,1585.55,211.816,17031.4,11036.34,5995.06,1212.73,28.16,19.35,19709.72,18493.37,0.9236,199.22,D类,延续款,1月,2023,春季,停售,0.76,531,1142,1188,352,17031.4,何琳,商务,第二波,12月,1年,D波,是,改进,失败,好,D
15,SPU014,西装外套春季款,联名,女装,外套,0.0379,950,914,319,17810.27,39429.23,20047.63,10306.9,19381.6,36,22,2154.7,1043.22,474.47,2316.94,2392.194,37112.29,19573.16,17539.13,802.69,42.46,19.44,42223.02,32839.46,0.069,492.76,B类,无,3月,2025,秋冬,预售,0.78,981,946,474,408,37112.29,周鑫,休闲,第二波,6月,长期,D波,否,改进,待评估,优秀,D
16,SPU015,牛仔裤秋冬款,联名,女装,下装,0.1426,512,439,191,18923.86,10656.64,3682.74,8049.48,6973.9,73,13,686.39,239.22,289.2,1107.21,181.269,9549.43,3393.54,6155.89,444.15,22.89,5.18,11396.59,10231.68,0.0681,463.41,E类,延续款,11月,2023,春季,在售,0.62,119,374,764,355,9549.43,周雷,复古,特别款,12月,长期,E波,否,停用,待评估,一般,D
17,SPU016,运动长裤经典款,热卖,运动,运动裤,0.03,2366,2295,1288,42257.28,31351.09,20259.35,26456.71,11091.74,71,23,4543.9,1636.17,1577.09,4491.29,879.528,26859.8,18682.26,8177.54,2245.45,20.78,25.2,31209.38,25599.23,0.0179,63.89,B类,改进款,1月,2024,秋冬,下架,0.64,799,936,1158,380,26859.8,陈莉,休闲,特别款,全年平销,3个月,E波,否,创新,失败,好,D
18,SPU017,速干短裤春季款,设计师款,运动,运动裤,0.075,2027,1875,921,13877.95,43247.78,14479.06,5478.72,28768.72,152,8,5341.03,1336.55,382.74,5671.54,1699.895,37576.24,14096.32,23479.92,3198.95,31.64,4.98,37006.87,36385.39,0.0087,143.12,A类,无,6月,2025,春季,下架,0.77,331,1441,599,148,37576.24,何晶,商务,第三波,全年平销,3个月,B波,是,延续,失败,一般,B
19,SPU018,休闲裤秋冬款,设计师款,男装,下装,0.0992,2027,1826,291,29293.85,14167.14,6597.5,9879.0,7569.64,201,125,1164.34,322.96,651.23,1038.15,1067.978,13128.99,5946.27,7182.72,612.25,47.51,9.82,11347.73,13527.17,0.4296,379.73,未分组,经典款,11月,2025,冬季,预售,0.93,814,1094,814,111,13128.99,刘彬,休闲,第二波,12月,1年,C波,是,创新,一般,优秀,C
20,SPU019,针织连衣裙热卖款,热卖,女装,连衣裙,0.0043,3764,3748,3512,8741.19,23369.39,16282.28,5706.77,7087.11,16,3,1221.31,2156.09,2432.53,1633.33,940.625,21736.06,13849.75,7886.31,430.01,18.02,2.47,24907.18,21728.44,0.0009,73.3,未分组,改进款,12月,2025,秋冬,清仓,0.83,720,194,2,109,21736.06,严畅,休闲,第一波,6月,6个月,E波,是,延续,成功,需改进,A
21,SPU020,家居服春季款,设计师款,内衣,家居服,0.1045,1875,1679,1496,40491.88,6056.88,2707.57,24346.27,3349.31,196,22,173.47,403.46,172.15,314.33,100.477,5742.55,2535.42,3207.13,349.76,0.42,19.5,5911.76,5720.64,0.0147,332.64,B类,经典款,10月,2025,夏季,停售,0.54,102,286,252,301,5742.55,谢倩,运动,第四波,9月,长期,C波,否,改进,失败,好,B
22,SPU021,速干T恤热卖款,热卖,运动,运动T恤,0.0425,2471,2366,2087,10243.68,20195.8,11278.71,5100.89,8917.09,105,66,520.73,901.64,1366.18,2418.09,830.628,17777.71,9912.53,7865.18,1162.18,48.88,29.61,23701.18,16689.74,0.0316,437.37,E类,经典款,6月,2025,冬季,停售,0.88,977,1577,149,8,17777.71,张玉珍,商务,第一波,3月,1年,B波,否,延续,待评估,需改进,E
23,SPU022,家居服春季款,清仓,内衣,家居服,0.1251,4395,3845,2273,5096.26,4872.06,3256.34,2325.39,1615.72,550,156,481.37,413.01,103.4,713.29,170.213,4158.77,3152.94,1005.83,77.71,34.93,21.9,5547.27,3954.07,0.0686,88.8,D类,延续款,8月,2025,秋季,在售,0.65,759,1347,359,61,4158.77,王芳,简约,第二波,3月,6个月,D波,是,创新,一般,需改进,B
24,SPU023,休闲衬衫秋冬款,新品,童装,上装,0.079,3517,3239,261,13884.53,48777.48,26877.03,6940.1,21900.45,278,268,4358.95,1652.3,2190.73,3875.89,1001.206,44901.59,24686.3,20215.29,939.52,28.7,21.68,43478.38,43985.82,1.0268,69.82,A类,升级款,1月,2024,春季,清仓,0.96,183,1907,72,283,44901.59,李宁,运动,第四波,6月,1年,B波,是,创新,失败,好,E
25,SPU024,POLO衫热卖款,设计师款,童装,上装,0.051,431,409,411,26272.93,3250.5,1496.43,16760.52,1754.07,22,7,181.45,130.84,196.4,431.6,19.498,2818.9,1300.03,1518.87,91.21,28.19,9.12,3410.06,2902.0,0.017,316.26,D类,升级款,12月,2025,秋冬,停售,0.5,419,48,477,277,2818.9,王琴,时尚,第一波,9月,3个月,D波,是,延续,一般,一般,D
26,SPU025,家居服热卖款,新品,内衣,家居服,0.0205,2292,2245,948,44967.09,26468.2,15360.52,23936.35,11107.68,47,2,2137.57,1523.92,2249.36,1644.97,724.323,24823.23,13111.16,11712.07,1674.66,3.11,19.87,22558.41,22718.59,0.0021,432.91,D类,改进款,6月,2024,春季,停售,0.54,207,278,1197,55,24823.23,解东,复古,第一波,6月,长期,D波,是,停用,成功,需改进,B
27,SPU026,家居服秋冬款,清仓,内衣,家居服,0.0234,982,959,826,34616.69,41492.95,24014.09,12438.8,17478.86,23,5,4546.05,3495.88,3050.5,649.21,1144.415,40843.74,20963.59,19880.15,597.73,14.94,24.6,36080.07,41095.42,0.0061,434.57,E类,无,4月,2023,夏季,在售,0.9,143,248,24,31,40843.74,程建国,复古,第二波,6月,长期,C波,否,创新,成功,好,A
28,SPU027,套头卫衣夏季款,联名,男装,卫衣,0.1434,753,645,339,7003.86,47171.75,15106.99,3207.76,32064.76,108,106,666.42,1596.05,1067.19,6574.73,1096.391,40597.02,14039.8,26557.22,1383.29,9.36,8.4,54406.46,38064.29,0.3127,328.63,B类,改进款,8月,2024,秋季,清仓,0.53,286,784,281,214,40597.02,董红,复古,特别款,6月,3个月,D波,是,停用,待评估,需改进,E
29,SPU028,运动T恤秋冬款,限量,运动,运动T恤,0.0041,1473,1467,1222,11731.99,44892.47,27447.94,5196.96,17444.53,6,2,4119.26,1168.92,4084.65,817.17,564.286,44075.3,23363.29,20712.01,1450.35,12.06,16.01,50122.21,42531.67,0.0016,393.82,B类,无,无,2024,春季,停售,0.59,606,651,1428,183,44075.3,葛芳,商务,第一波,9月,6个月,E波,否,停用,失败,一般,D
30,SPU029,伞裙夏季款,热卖,女装,半身裙,0.0455,4928,4704,4312,24421.46,17254.97,9415.24,16301.63,7839.73,224,5,2212.08,520.69,543.32,2120.68,102.448,15134.29,8871.92,6262.37,1083.52,45.86,23.23,19646.38,16774.14,0.0012,482.25,C类,经典款,10月,2023,春季,预售,0.66,999,322,1499,485,15134.29,吕杰,休闲,第四波,9月,6个月,E波,是,改进,一般,优秀,C
31,SPU030,牛仔裤热卖款,设计师款,童装,下装,0.1429,14,12,6,42687.09,38770.69,20431.89,29326.57,18338.8,2,2,1586.7,1822.06,1114.57,1376.03,2588.27,37394.66,19317.32,18077.34,878.46,37.27,7.14,46251.57,32318.37,0.3333,448.39,A类,改进款,8月,2023,春季,停售,0.62,69,717,525,402,37394.66,李秀华,简约,第一波,3月,长期,D波,是,改进,待评估,优秀,D
32,SPU031,运动套装经典款,新品,童装,套装,0.1407,4735,4069,1332,23113.08,40160.53,12584.91,7619.92,27575.62,666,230,1358.02,787.36,585.93,514.49,3101.648,39646.04,11998.98,27647.06,2378.88,44.91,2.79,41671.06,37057.28,0.1727,267.23,A类,经典款,11月,2023,秋季,清仓,0.58,103,678,420,498,39646.04,黄凯,复古,第四波,全年平销,1年,C波,是,改进,成功,好,D
33,SPU032,连帽卫衣春季款,热卖,运动,卫衣,0.0003,2955,2954,358,15432.92,33438.99,18059.94,8569.53,15379.05,1,1,4908.45,1377.97,245.67,1269.16,402.489,32169.83,17814.27,14355.56,2696.48,23.55,26.85,30295.78,31043.86,0.0028,224.39,C类,经典款,6月,2023,夏季,在售,0.63,476,539,463,428,32169.83,刘平,时尚,特别款,3月,6个月,A波,否,创新,待评估,一般,E
34,SPU033,长袖T恤新款,设计师款,女装,T恤,0.062,3889,3648,1224,4868.8,45236.08,26495.78,2573.62,18740.3,241,121,6676.2,811.9,3605.11,3632.2,2677.908,41603.88,22890.67,18713.21,2280.51,47.45,5.01,40022.9,37932.5,0.0989,69.2,A类,经典款,4月,2025,秋冬,下架,0.63,932,1489,137,44,41603.88,王刚,休闲,特别款,12月,1年,C波,是,延续,待评估,好,D
35,SPU034,休闲裤新款,清仓,男装,下装,0.0214,4773,4671,4609,39197.69,39501.54,25557.11,17765.07,13944.43,102,13,3080.4,2434.43,3396.67,5262.36,212.586,34239.18,22160.44,12078.74,1374.15,7.19,18.26,42561.51,31907.63,0.0028,450.31,C类,升级款,1月,2025,夏季,预售,0.95,20,691,620,159,34239.18,王丽华,时尚,第四波,3月,6个月,B波,是,停用,失败,需改进,D
36,SPU035,训练外套经典款,清仓,运动,运动外套,0.1202,1731,1523,992,38215.17,43492.26,27330.84,22311.08,16161.42,208,189,2891.1,3259.81,881.59,3572.36,1347.864,39919.9,26449.25,13470.65,2660.88,8.69,26.26,38285.83,35295.08,0.1905,64.88,A类,改进款,12月,2023,春季,预售,0.91,517,812,1301,472,39919.9,朱红梅,简约,第一波,6月,1年,D波,是,改进,待评估,需改进,C
37,SPU036,羽绒服热卖款,热卖,男装,外套,0.0486,740,704,395,3432.9,42837.25,26213.49,1960.45,16623.76,36,1,2042.12,1764.98,1074.47,1713.69,212.906,41123.56,25139.02,15984.54,3436.72,38.38,0.27,49888.53,39816.12,0.0025,320.51,A类,升级款,5月,2025,春季,预售,0.71,385,1744,714,235,41123.56,杨丽,时尚,第二波,12月,1年,E波,是,延续,成功,需改进,E
38,SPU037,运动T恤热卖款,联名,运动,运动T恤,0.139,885,762,344,49429.69,32389.14,20877.93,20736.57,11511.21,123,8,1003.74,2446.19,2287.24,1508.06,1565.02,30881.08,18590.69,12290.39,2671.74,40.12,18.0,34468.92,30321.13,0.0233,374.58,未分组,经典款,5月,2024,夏季,清仓,0.69,36,1194,1450,292,30881.08,梁秀英,复古,第三波,6月,长期,C波,是,改进,一般,需改进,A
39,SPU038,家居服热卖款,清仓,内衣,家居服,0.0408,4579,4392,2749,33067.3,11890.42,4629.31,14836.4,7261.11,187,174,1093.68,346.86,318.8,1569.54,192.342,10320.88,4310.51,6010.37,176.35,31.72,17.41,12464.27,10635.31,0.0633,137.54,A类,经典款,9月,2024,夏季,在售,0.94,154,281,410,175,10320.88,曾琳,休闲,特别款,12月,6个月,C波,否,延续,待评估,需改进,B
40,SPU039,休闲衬衫经典款,爆款,童装,上装,0.0478,2240,2133,690,29237.67,8763.32,5381.42,16179.98,3381.9,107,97,582.54,781.09,151.31,1044.28,215.306,7719.04,5230.11,2488.93,117.39,9.97,11.19,7060.0,7575.39,0.1406,424.95,B类,延续款,11月,2023,冬季,停售,0.61,898,705,639,66,7719.04,邓春梅,简约,第四波,全年平销,1年,B波,否,延续,失败,需改进,D
41,SPU040,运动T恤热卖款,热卖,运动,运动T恤,0.0794,1096,1009,735,37755.66,9079.29,6017.37,22308.59,3061.92,87,62,257.57,678.58,76.28,1122.94,283.402,7956.35,5941.09,2015.26,228.88,18.33,19.52,7399.13,8855.11,0.0844,165.11,E类,无,1月,2025,春夏,在售,0.83,20,98,1412,59,7956.35,方桂芝,休闲,第四波,12月,3个月,E波,是,停用,一般,一般,A
42,SPU041,运动套装热卖款,新品,童装,套装,0.0648,4262,3986,3431,41701.98,6140.8,3607.76,20813.28,2533.04,276,70,584.97,429.01,93.66,162.63,320.201,5978.17,3514.1,2464.07,599.22,17.9,12.29,5306.57,5585.84,0.0204,459.66,未分组,经典款,6月,2023,春夏,在售,0.84,928,226,1175,342,5978.17,王凤英,休闲,第二波,3月,3个月,A波,是,改进,待评估,需改进,C
43,SPU042,家居服夏季款,热卖,内衣,家居服,0.0557,323,305,160,21873.77,6679.15,4277.98,12366.16,2401.17,18,11,226.23,256.91,48.57,899.29,171.155,5779.86,4229.41,1550.45,440.57,43.92,2.79,7520.63,5587.6,0.0688,230.35,D类,改进款,7月,2025,夏季,清仓,0.82,816,341,231,67,5779.86,杨婷,运动,第一波,6月,3个月,D波,是,停用,一般,优秀,C
44,SPU043,训练外套经典款,限量,运动,运动外套,0.0288,3998,3883,1684,22593.71,4103.47,2306.11,13714.64,1797.36,115,113,372.31,205.48,303.41,48.14,264.042,4055.33,2002.7,2052.63,288.42,16.92,15.69,4432.7,3360.94,0.0671,347.77,B类,经典款,6月,2025,冬季,清仓,0.57,846,1143,1255,27,4055.33,朱东,简约,第二波,全年平销,长期,D波,否,延续,待评估,需改进,B
45,SPU044,风衣新款,爆款,童装,外套,0.1058,1824,1631,1673,12515.0,23495.64,14579.15,5336.7,8916.49,193,103,3460.76,1666.88,1894.16,1708.93,111.346,21786.71,12684.99,9101.72,1088.07,1.79,16.47,26558.61,22517.2,0.0616,483.43,未分组,改进款,9月,2025,秋冬,清仓,0.98,372,1690,111,418,21786.71,杨敏,复古,第四波,9月,长期,C波,是,延续,成功,一般,A
46,SPU045,羽绒服秋冬款,新品,童装,外套,0.119,4486,3952,870,3243.13,9043.61,3221.15,1302.82,5822.46,534,382,338.49,86.66,357.61,998.05,752.886,8045.56,2863.54,5182.02,265.91,41.23,5.72,8457.34,8604.36,0.4391,70.93,未分组,无,2月,2024,夏季,下架,0.98,137,1973,1021,2,8045.56,申小红,商务,第一波,全年平销,长期,E波,是,改进,一般,一般,A
47,SPU046,家居服经典款,限量,内衣,家居服,0.1421,4988,4279,2241,20495.63,17800.08,7434.55,11887.58,10365.53,709,254,2043.09,385.47,218.17,2183.56,1121.646,15616.52,7216.38,8400.14,1556.86,35.59,28.07,18744.08,14955.23,0.1133,330.88,C类,改进款,11月,2023,冬季,停售,0.75,710,1304,660,363,15616.52,张金凤,简约,第三波,全年平销,长期,E波,是,创新,待评估,好,E
48,SPU047,A字连衣裙夏季款,联名,女装,连衣裙,0.0161,434,427,136,37759.07,8885.83,3684.48,23174.36,5201.35,7,3,342.64,316.0,469.82,400.56,313.202,8485.27,3214.66,5270.61,450.81,30.81,20.27,9105.79,7507.3,0.0221,341.2,D类,升级款,9月,2025,春季,在售,0.96,396,853,1403,160,8485.27,张文,商务,第一波,3月,1年,B波,是,改进,失败,一般,B
49,SPU048,运动套装热卖款,设计师款,童装,套装,0.0377,610,587,526,6848.34,2991.08,1231.26,2753.08,1759.82,23,5,168.33,134.65,40.05,140.56,55.738,2850.52,1191.21,1659.31,71.29,16.13,1.53,3508.4,2761.13,0.0095,347.85,D类,无,9月,2024,春夏,预售,0.76,979,376,1066,34,2850.52,裴芳,商务,第二波,12月,长期,A波,是,改进,一般,需改进,C
50,SPU049,风衣新款,热卖,童装,外套,0.1119,4345,3859,72,6621.38,17954.36,7112.42,4526.1,10841.94,486,287,1895.21,390.69,985.82,1793.95,1498.687,16160.41,6126.6,10033.81,1706.54,19.29,16.21,16394.69,17635.98,3.9861,419.95,C类,无,无,2025,夏季,清仓,0.52,919,1334,394,164,16160.41,张梅,商务,第一波,3月,6个月,E波,否,延续,一般,一般,D
51,SPU050,休闲裤热卖款,限量,女装,下装,0.0205,3565,3492,97,23502.04,17254.05,5780.25,7712.83,11473.8,73,19,2157.22,795.0,700.51,303.63,769.532,16950.42,5079.74,11870.68,873.08,20.22,9.49,16491.43,14211.49,0.1959,52.65,未分组,无,2月,2025,秋季,在售,0.85,74,732,1029,54,16950.42,许文,时尚,第三波,全年平销,3个月,C波,是,停用,待评估,好,D
52,SPU051,短袖T恤夏季款,联名,男装,T恤,0.1271,3203,2796,1208,48046.58,8059.7,4601.41,26866.51,3458.29,407,279,1160.88,53.2,558.16,1112.11,458.111,6947.59,4043.25,2904.34,183.15,2.09,17.18,7718.23,7330.34,0.231,88.31,B类,改进款,4月,2024,冬季,下架,0.57,188,452,1263,427,6947.59,李秀英,时尚,第二波,3月,6个月,E波,否,停用,成功,需改进,A
53,SPU052,休闲衬衫热卖款,热卖,童装,上装,0.1047,4756,4258,2710,18499.78,33893.48,13347.7,7901.52,20545.78,498,487,2477.29,1285.22,263.93,1691.94,1084.706,32201.54,13083.77,19117.77,2120.89,28.28,10.93,31403.44,30018.15,0.1797,52.17,B类,升级款,12月,2025,冬季,清仓,0.64,368,275,1391,375,32201.54,郑荣,时尚,第四波,12月,长期,C波,是,停用,成功,一般,E
54,SPU053,风衣新款,爆款,女装,外套,0.0416,1609,1542,1489,4694.6,1912.88,961.93,2852.82,950.95,67,9,76.11,14.56,87.98,27.48,44.206,1885.4,873.95,1011.45,173.04,26.98,19.62,1644.03,1680.46,0.006,451.15,E类,改进款,3月,2024,秋季,下架,0.55,372,1028,21,339,1885.4,赫晨,复古,特别款,6月,6个月,D波,否,改进,一般,优秀,C
55,SPU054,短裤夏季款,爆款,女装,下装,0.0642,514,481,239,3097.61,11131.93,7381.48,2021.56,3750.45,33,23,173.51,744.0,559.18,674.32,91.704,10457.61,6822.3,3635.31,1081.58,31.68,8.2,12209.1,10193.8,0.0962,306.57,D类,经典款,6月,2025,冬季,在售,0.76,385,1992,456,264,10457.61,宋想,休闲,第三波,9月,长期,D波,否,改进,待评估,一般,B
56,SPU055,风衣夏季款,爆款,女装,外套,0.0261,1531,1491,1232,36147.83,6798.18,2665.83,20607.58,4132.35,40,23,523.89,247.15,295.47,840.01,415.782,5958.17,2370.36,3587.81,319.38,12.18,3.84,7049.3,5621.72,0.0187,280.69,E类,升级款,1月,2023,春季,停售,0.76,415,1227,1154,326,5958.17,许冬梅,简约,第三波,3月,6个月,D波,是,停用,一般,一般,D
57,SPU056,运动长裤新款,新品,运动,运动裤,0.0645,4184,3914,2807,46195.25,30230.13,9901.49,17597.59,20328.64,270,85,3940.28,798.16,282.29,1902.97,1398.027,28327.16,9619.2,18707.96,709.21,4.81,14.28,31617.67,24420.12,0.0303,402.74,E类,延续款,2月,2024,冬季,停售,0.95,552,1694,2,459,28327.16,韦燕,运动,第四波,全年平销,长期,C波,否,停用,一般,优秀,D
58,SPU057,针织衫夏季款,新品,童装,上装,0.117,2085,1841,952,45594.18,5107.06,2754.32,26611.48,2352.74,244,196,615.5,250.42,126.95,439.83,62.338,4667.23,2627.37,2039.86,54.38,32.73,20.63,4730.98,4455.67,0.2059,119.65,未分组,无,5月,2024,秋季,清仓,0.78,626,564,1393,203,4667.23,任淑兰,复古,第四波,全年平销,长期,B波,是,停用,失败,需改进,E
59,SPU058,运动套装热卖款,限量,童装,套装,0.0595,975,917,801,35266.26,8927.96,3444.26,19241.63,5483.7,58,28,944.93,59.54,197.64,589.95,353.559,8338.01,3246.62,5091.39,600.22,40.22,24.7,8826.78,8214.16,0.035,89.66,C类,升级款,6月,2023,秋季,在售,0.86,953,820,1257,335,8338.01,蔡建华,商务,第三波,全年平销,3个月,B波,是,停用,成功,一般,E
60,SPU059,牛仔裤新款,清仓,童装,下装,0.1263,4182,3654,1388,34027.19,18627.26,10468.66,20820.19,8158.6,528,237,1107.16,683.81,231.96,2730.58,751.009,15896.68,10236.7,5659.98,1054.24,36.85,2.06,15573.63,15961.68,0.1707,423.39,E类,改进款,6月,2024,秋冬,下架,0.98,465,1904,827,294,15896.68,罗勇,简约,第三波,6月,长期,E波,否,延续,失败,需改进,A
61,SPU060,运动T恤热卖款,限量,运动,运动T恤,0.1064,3627,3241,1980,38728.39,38116.19,26090.36,24972.43,12025.83,386,288,2953.08,1202.63,1943.75,2829.7,764.533,35286.49,24146.61,11139.88,3086.61,11.02,21.04,42692.59,33636.97,0.1455,208.89,E类,延续款,12月,2024,秋冬,预售,0.55,689,1533,700,38,35286.49,任丽娟,商务,第二波,12月,1年,C波,否,创新,一般,一般,D
62,SPU061,休闲裤夏季款,新品,男装,下装,0.0483,2174,2069,830,41912.08,41980.4,18572.59,23903.5,23407.81,105,29,4318.92,1781.78,497.43,4997.82,2738.578,36982.58,18075.16,18907.42,2465.62,2.11,14.47,44006.67,37718.05,0.0349,493.41,E类,改进款,8月,2023,秋季,预售,0.7,768,1181,262,27,36982.58,马红梅,商务,第四波,12月,3个月,E波,是,停用,一般,优秀,A
63,SPU062,套头卫衣热卖款,热卖,运动,卫衣,0.0,68,68,48,29469.4,16946.37,9237.66,12016.54,7708.71,0,0,2443.56,536.09,801.82,785.6,275.57,16160.77,8435.84,7724.93,816.05,20.95,22.57,16031.79,14914.81,0.0,252.83,E类,升级款,10月,2025,秋冬,在售,0.86,823,482,1137,221,16160.77,杨建平,休闲,第二波,6月,6个月,D波,否,改进,待评估,优秀,B
64,SPU063,运动T恤秋冬款,新品,运动,运动T恤,0.1397,2055,1768,1631,5849.77,9003.75,3477.13,2807.55,5526.62,287,24,511.88,210.49,443.18,410.58,488.824,8593.17,3033.95,5559.22,845.15,12.89,0.6,7639.64,8764.91,0.0147,483.4,B类,无,10月,2025,冬季,下架,0.59,799,582,727,166,8593.17,马淑华,运动,特别款,12月,长期,A波,是,创新,待评估,一般,B
65,SPU064,童装套装春季款,爆款,童装,套装,0.0309,648,628,233,16360.62,32997.64,19276.34,10019.07,13721.3,20,10,4666.78,2211.1,1259.97,3126.65,1137.921,29870.99,18016.37,11854.62,1667.24,8.37,25.63,28048.52,27946.54,0.0429,163.24,未分组,延续款,4月,2023,夏季,在售,0.55,959,1799,969,280,29870.99,黄利,简约,第一波,12月,3个月,A波,是,改进,成功,优秀,C
66,SPU065,休闲裤秋冬款,爆款,男装,下装,0.0355,3630,3501,2157,42087.37,2399.99,1357.0,20491.39,1042.99,129,33,316.62,191.17,75.35,313.08,90.528,2086.91,1281.65,805.26,53.18,47.42,16.18,2487.19,2139.13,0.0153,387.01,E类,经典款,9月,2025,冬季,下架,0.65,355,986,1105,116,2086.91,程燕,简约,第四波,9月,1年,D波,是,改进,失败,好,A
67,SPU066,速干短裤秋冬款,清仓,运动,运动裤,0.1423,3843,3296,2817,46182.33,47400.92,23265.64,24883.11,24135.28,547,8,5761.46,2018.29,1634.67,534.61,878.523,46866.31,21630.97,25235.34,4237.39,21.86,7.5,51476.22,44044.85,0.0028,422.79,B类,改进款,2月,2024,冬季,停售,0.76,819,1863,1255,413,46866.31,田军,运动,第三波,9月,1年,D波,否,延续,一般,一般,C
68,SPU067,开衫秋冬款,热卖,女装,毛衣,0.0476,4030,3838,79,8455.32,48516.09,14984.31,4955.48,33531.78,192,82,5423.86,638.23,741.66,7089.49,1042.695,41426.6,14242.65,27183.95,2640.35,17.1,9.35,54327.59,48496.33,1.038,258.66,A类,改进款,2月,2023,春夏,预售,0.89,73,1112,962,92,41426.6,邓浩,复古,第三波,12月,3个月,A波,否,停用,待评估,一般,A
69,SPU068,休闲衬衫新款,限量,男装,衬衫,0.1418,1707,1465,1395,48099.48,46874.55,17036.3,24452.36,29838.25,242,99,2131.09,1693.29,1946.59,5247.76,1128.522,41626.79,15089.71,26537.08,4212.93,43.18,6.53,39617.03,43433.1,0.071,196.03,B类,改进款,10月,2023,夏季,停售,0.5,43,1190,1414,243,41626.79,李伟,运动,特别款,6月,1年,A波,否,改进,待评估,好,E
70,SPU069,休闲衬衫秋冬款,设计师款,童装,上装,0.1421,1260,1081,219,7165.55,12401.06,8589.85,4705.75,3811.21,179,137,1396.94,111.58,995.89,1493.07,239.678,10907.99,7593.96,3314.03,932.51,12.53,1.18,13426.01,11307.35,0.6256,294.23,D类,升级款,10月,2023,秋季,预售,0.66,479,563,1226,468,10907.99,李璐,商务,第二波,3月,6个月,D波,是,创新,失败,优秀,A
71,SPU070,连帽卫衣春季款,联名,运动,卫衣,0.1331,2982,2585,978,16714.01,4103.75,2818.72,8340.62,1285.03,397,317,357.87,270.11,103.11,511.6,70.887,3592.15,2715.61,876.54,277.75,5.52,15.7,3392.45,3968.48,0.3241,108.4,A类,升级款,2月,2024,秋冬,在售,0.52,657,1712,795,336,3592.15,李强,休闲,特别款,全年平销,1年,A波,是,改进,成功,好,B
72,SPU071,家居服热卖款,清仓,内衣,家居服,0.0926,497,451,380,46973.95,21381.71,9571.04,24032.26,11810.67,46,35,2411.9,1213.84,1199.35,2334.47,246.972,19047.24,8371.69,10675.55,629.29,25.97,3.04,19081.19,18753.18,0.0921,136.9,未分组,升级款,10月,2025,秋冬,下架,0.87,425,1528,216,392,19047.24,李秀芳,运动,特别款,9月,长期,D波,否,改进,一般,优秀,E
73,SPU072,休闲裤新款,联名,童装,下装,0.0992,3629,3269,2253,49581.69,16908.05,7586.44,21289.4,9321.61,360,161,738.9,655.37,533.19,1978.0,582.683,14930.05,7053.25,7876.8,1006.39,37.23,10.8,16586.14,16772.19,0.0715,50.09,A类,改进款,10月,2023,秋季,停售,1.0,309,13,615,113,14930.05,孙勇,复古,第三波,3月,1年,E波,否,延续,成功,优秀,C
74,SPU073,短裤秋冬款,联名,男装,下装,0.0535,4769,4514,2099,40742.64,5503.35,2531.1,17514.32,2972.25,255,119,426.81,198.33,285.5,762.23,403.82,4741.12,2245.6,2495.52,403.16,40.98,2.86,5816.5,4443.81,0.0567,413.75,D类,延续款,无,2023,春季,预售,0.94,444,853,246,445,4741.12,吕倩,复古,特别款,3月,长期,A波,是,延续,失败,一般,C
75,SPU074,运动长裤春季款,清仓,运动,运动裤,0.0709,3218,2990,2437,29187.49,5414.06,2559.63,9719.96,2854.43,228,192,487.27,43.27,78.64,650.18,188.069,4763.88,2480.99,2282.89,95.6,25.09,23.21,4613.59,4477.29,0.0788,301.68,D类,经典款,11月,2025,秋冬,下架,0.81,753,1073,504,124,4763.88,周英,简约,第三波,12月,1年,E波,否,延续,待评估,优秀,C
76,SPU075,短裤秋冬款,爆款,童装,下装,0.1379,4865,4194,2497,9293.51,18136.1,11400.96,2954.88,6735.14,671,24,2258.74,432.73,1108.69,2219.7,419.834,15916.4,10292.27,5624.13,1418.17,42.64,3.37,14904.52,17950.9,0.0096,467.03,C类,延续款,6月,2025,春夏,预售,0.73,23,679,428,378,15916.4,钟静,商务,第二波,6月,1年,E波,是,改进,成功,优秀,E
77,SPU076,跑步外套夏季款,联名,运动,运动外套,0.0732,492,456,404,35129.81,14292.79,6946.07,14351.38,7346.72,36,12,1847.94,711.38,134.22,2034.22,962.417,12258.57,6811.85,5446.72,167.47,43.37,19.48,12755.85,12522.49,0.0297,489.48,A类,改进款,8月,2025,秋季,在售,0.59,512,1979,937,287,12258.57,赵欣,运动,第一波,3月,6个月,E波,是,创新,待评估,优秀,B
78,SPU077,套头卫衣秋冬款,新品,女装,卫衣,0.0485,2476,2356,1129,40782.75,31663.83,20628.06,27636.62,11035.77,120,64,4524.01,857.75,2559.53,4263.73,638.42,27400.1,18068.53,9331.57,1436.15,6.86,21.9,31926.23,29624.65,0.0567,442.72,未分组,升级款,7月,2023,秋季,停售,0.71,319,1863,1239,168,27400.1,王秀云,休闲,特别款,6月,6个月,B波,否,改进,失败,一般,D
79,SPU078,连帽卫衣秋冬款,爆款,男装,卫衣,0.1279,555,484,121,10022.63,42136.6,15093.71,6860.27,27042.89,71,68,2210.85,1726.5,824.36,595.29,3381.383,41541.31,14269.35,27271.96,2836.48,36.92,4.56,36876.83,34817.86,0.562,61.79,E类,无,5月,2025,秋季,下架,0.62,237,472,1407,13,41541.31,黄凤英,时尚,第一波,12月,6个月,E波,是,创新,一般,优秀,D
80,SPU079,家居服夏季款,热卖,内衣,家居服,0.0086,1853,1837,1565,48471.94,46346.32,31519.17,29233.94,14827.15,16,13,892.59,4406.2,3277.6,1907.5,2194.238,44438.82,28241.57,16197.25,4080.4,24.5,9.75,45559.27,39364.56,0.0083,232.19,A类,无,12月,2024,冬季,预售,0.7,961,1520,1171,304,44438.82,吴建华,商务,特别款,3月,3个月,D波,是,延续,一般,优秀,A
81,SPU080,连帽卫衣夏季款,联名,运动,卫衣,0.0943,2385,2160,1247,38910.17,15009.81,5502.52,19719.2,9507.29,225,101,449.0,694.34,763.0,768.78,696.292,14241.03,4739.52,9501.51,1126.31,5.66,23.36,17638.58,14097.56,0.081,110.89,D类,改进款,8月,2023,秋冬,清仓,0.8,729,1834,413,451,14241.03,周丽娟,休闲,第一波,9月,1年,B波,否,延续,成功,优秀,C
82,SPU081,短袖T恤经典款,热卖,女装,T恤,0.0863,4508,4119,1399,45700.39,28709.09,16186.53,27770.42,12522.56,389,22,493.32,859.97,2130.71,890.34,1405.315,27818.75,14055.82,13762.93,2770.05,14.44,5.42,33285.8,28481.91,0.0157,51.59,C类,延续款,8月,2024,夏季,下架,0.9,622,1807,1010,121,27818.75,王洁,复古,特别款,12月,长期,D波,是,延续,成功,一般,E
83,SPU082,牛仔裤夏季款,新品,童装,下装,0.0115,1214,1200,714,2799.33,42837.64,24280.32,894.7,18557.32,14,10,2928.98,848.71,1257.28,5454.17,1931.681,37383.47,23023.04,14360.43,2784.36,34.58,17.85,47760.67,35790.16,0.014,254.9,E类,改进款,1月,2023,春季,预售,0.68,388,1679,138,388,37383.47,范芳,休闲,特别款,3月,1年,D波,否,延续,失败,需改进,E
84,SPU083,家居服新款,设计师款,内衣,家居服,0.0273,476,463,373,48988.15,26918.38,9019.48,34022.83,17898.9,13,9,1351.47,859.0,853.86,2997.91,972.061,23920.47,8165.62,15754.85,1542.03,49.75,10.62,22931.37,24563.74,0.0241,283.87,未分组,经典款,8月,2023,秋季,停售,0.85,198,3,242,12,23920.47,屈桂花,休闲,第一波,6月,长期,D波,否,创新,失败,一般,A
85,SPU084,套头卫衣秋冬款,限量,男装,卫衣,0.0703,555,516,518,27949.69,38584.6,13332.32,15271.64,25252.28,39,19,543.13,461.14,872.56,2186.19,1420.998,36398.41,12459.76,23938.65,1559.37,33.62,27.48,43172.38,35850.13,0.0367,266.67,未分组,经典款,9月,2024,夏季,清仓,0.96,57,1710,1067,153,36398.41,李兵,商务,第三波,全年平销,3个月,B波,是,创新,成功,一般,C
86,SPU085,套头卫衣热卖款,联名,女装,卫衣,0.0386,4376,4207,3191,10181.57,6725.39,4122.24,3183.28,2603.15,169,146,456.93,328.08,536.28,357.52,112.638,6367.87,3585.96,2781.91,340.79,47.54,6.48,6193.6,5531.27,0.0458,403.22,B类,延续款,8月,2025,春夏,清仓,0.95,157,389,696,472,6367.87,高楠,休闲,特别款,9月,1年,B波,否,改进,一般,好,D
87,SPU086,家居服秋冬款,新品,内衣,家居服,0.1194,360,317,44,17331.2,44570.11,15209.15,9203.28,29360.96,43,38,2393.42,2051.7,1739.59,5226.52,1612.599,39343.59,13469.56,25874.03,1218.06,13.83,9.57,43520.32,36704.83,0.8636,117.19,C类,延续款,1月,2025,秋季,下架,0.55,555,717,1125,163,39343.59,李琳,时尚,第二波,9月,6个月,B波,否,创新,失败,优秀,A
88,SPU087,针织衫热卖款,联名,男装,上装,0.0145,413,407,27,5219.86,20203.92,11756.08,3026.19,8447.84,6,3,1945.32,631.79,1153.58,2723.06,1051.265,17480.86,10602.5,6878.36,1498.34,33.54,16.0,24032.01,19216.93,0.1111,259.56,B类,延续款,无,2025,夏季,在售,0.73,700,1319,1454,392,17480.86,王勇,休闲,第四波,6月,6个月,B波,是,创新,待评估,一般,C
89,SPU088,童装套装春季款,限量,童装,套装,0.1121,535,475,359,24453.95,42442.55,17524.65,8343.02,24917.9,60,7,5282.29,2130.05,1585.19,2495.88,1385.978,39946.67,15939.46,24007.21,2905.22,39.62,15.98,40758.71,37463.55,0.0195,329.39,E类,升级款,8月,2024,春夏,预售,0.6,710,1210,882,401,39946.67,马云,休闲,特别款,9月,6个月,B波,否,停用,成功,优秀,C
90,SPU089,跑步外套夏季款,联名,运动,运动外套,0.082,2523,2316,2450,6328.49,40889.27,24882.65,2054.18,16006.62,207,17,1654.61,732.75,1970.74,2577.97,1461.525,38311.3,22911.91,15399.39,3187.28,40.49,22.71,43520.6,36415.77,0.0069,181.18,E类,无,8月,2023,秋冬,预售,0.65,813,1870,1391,155,38311.3,刘秀梅,休闲,第三波,3月,3个月,E波,是,改进,失败,好,C
91,SPU090,训练外套热卖款,爆款,运动,运动外套,0.08,4587,4220,2311,43418.3,12526.82,7276.69,20077.19,5250.13,367,56,888.48,287.94,396.85,816.72,179.961,11710.1,6879.84,4830.26,282.06,27.77,25.3,11826.76,11066.78,0.0242,179.81,未分组,升级款,3月,2023,春夏,在售,0.57,906,996,1347,223,11710.1,阎磊,复古,第一波,6月,长期,D波,是,改进,待评估,优秀,E
92,SPU091,家居服夏季款,限量,内衣,家居服,0.071,1522,1414,15,29318.99,42493.39,16772.14,15554.92,25721.25,108,77,624.0,256.63,1132.41,3409.76,1997.449,39083.63,15639.73,23443.9,1834.53,29.01,28.85,35355.57,40200.32,5.1333,286.88,C类,经典款,9月,2023,秋季,下架,0.54,483,1291,1359,491,39083.63,胡伟,运动,第一波,全年平销,1年,E波,否,创新,成功,优秀,D
93,SPU092,套头卫衣经典款,清仓,运动,卫衣,0.1411,2891,2483,1184,9207.9,35057.51,18897.91,2988.58,16159.6,408,150,2672.87,636.31,2265.92,1842.97,278.378,33214.54,16631.99,16582.55,3475.35,40.44,18.73,32068.03,28624.53,0.1267,277.52,C类,改进款,3月,2025,春季,预售,0.93,14,1518,228,309,33214.54,徐建军,复古,特别款,6月,长期,C波,否,创新,一般,优秀,B
94,SPU093,跑步外套春季款,热卖,运动,运动外套,0.1279,1188,1036,1015,37885.3,21234.45,9624.87,14560.94,11609.58,152,39,2395.47,561.23,1074.52,2176.39,1159.989,19058.06,8550.35,10507.71,1656.15,5.8,5.03,20374.41,18267.43,0.0384,385.77,E类,升级款,7月,2025,冬季,清仓,0.74,148,1086,890,6,19058.06,张浩,时尚,第四波,12月,1年,E波,否,延续,失败,优秀,E
95,SPU094,西装外套秋冬款,清仓,童装,外套,0.0398,805,773,472,38884.4,37705.45,22386.68,22206.39,15318.77,32,25,5620.0,1205.7,834.79,3484.79,175.874,34220.66,21551.89,12668.77,405.82,3.4,12.34,38086.49,35333.77,0.053,208.18,未分组,改进款,5月,2023,春夏,在售,0.81,58,1922,1216,336,34220.66,尹波,复古,特别款,3月,3个月,A波,否,停用,一般,好,B
96,SPU095,西装外套热卖款,设计师款,童装,外套,0.1306,620,539,283,38698.6,34918.85,19800.09,12755.01,15118.76,81,58,4148.18,1259.12,911.34,4114.03,855.293,30804.82,18888.75,11916.07,537.93,47.78,7.94,34088.83,31369.15,0.2049,467.86,E类,经典款,3月,2025,夏季,在售,0.57,787,883,447,314,30804.82,梁佳,运动,第一波,12月,1年,A波,否,延续,成功,需改进,D
97,SPU096,羊毛衫热卖款,设计师款,女装,毛衣,0.0,7,7,4,8428.77,17161.71,7834.87,4182.96,9326.84,0,0,1219.31,1004.17,854.51,180.52,1112.983,16981.19,6980.36,10000.83,1384.68,27.01,0.1,20279.34,16536.94,0.0,266.93,E类,无,6月,2024,冬季,预售,0.7,647,1963,1325,46,16981.19,汪想,时尚,特别款,9月,3个月,D波,是,改进,一般,好,D
98,SPU097,羽绒服经典款,限量,男装,外套,0.1041,874,783,86,44375.49,22461.2,8440.6,17545.8,14020.6,91,62,1447.12,1021.17,114.38,336.87,1403.141,22124.33,8326.22,13798.11,1234.73,48.25,24.35,26653.13,18042.71,0.7209,202.68,C类,延续款,7月,2023,秋冬,下架,0.73,694,1782,1098,76,22124.33,杨雪梅,运动,特别款,6月,3个月,A波,否,停用,成功,优秀,E
99,SPU098,休闲裤热卖款,新品,女装,下装,0.0028,1069,1066,102,45328.46,41216.22,13968.87,28426.39,27247.35,3,1,1025.72,1111.92,1773.34,3939.1,3321.03,37277.12,12195.53,25081.59,1230.37,40.22,12.79,46352.11,41069.43,0.0098,355.28,C类,延续款,11月,2025,秋季,停售,0.66,987,1624,436,391,37277.12,陈洁,简约,特别款,6月,1年,A波,否,创新,一般,优秀,B
100,SPU099,短裤夏季款,新品,童装,下装,0.0086,4767,4726,818,39761.56,31977.54,14404.36,12029.46,17573.18,41,8,1122.98,323.81,1917.91,1026.02,1779.211,30951.52,12486.45,18465.07,2872.3,20.81,24.22,35463.89,30010.02,0.0098,142.77,未分组,改进款,9月,2024,夏季,停售,0.97,625,1416,77,305,30951.52,张淑珍,复古,第四波,全年平销,3个月,C波,是,停用,成功,一般,B
101,SPU100,百褶裙秋冬款,联名,女装,半身裙,0.1174,4421,3902,3802,38746.23,33307.03,13674.89,24701.21,19632.14,519,224,4583.31,1089.23,1661.85,1236.38,635.421,32070.65,12013.04,20057.61,3098.91,2.7,10.93,29437.95,28320.18,0.0589,327.57,D类,延续款,2月,2025,春夏,下架,0.59,804,59,993,263,32070.65,梁桂芳,简约,第一波,6月,长期,E波,是,停用,一般,需改进,B
102,SPU101,连帽卫衣春季款,热卖,女装,卫衣,0.1087,1942,1731,769,44676.89,4602.96,2458.15,29985.11,2144.81,211,51,339.23,157.88,174.58,81.05,62.407,4521.91,2283.57,2238.34,344.23,31.6,29.27,4054.68,3799.48,0.0663,361.49,A类,改进款,3月,2023,夏季,清仓,0.71,778,703,450,453,4521.91,祝兰英,时尚,特别款,6月,6个月,E波,否,延续,待评估,优秀,B
103,SPU102,套头卫衣秋冬款,热卖,运动,卫衣,0.1102,118,105,111,13086.05,17037.5,9060.32,8708.79,7977.18,13,11,2312.93,620.52,841.23,2297.59,129.162,14739.91,8219.09,6520.82,1690.37,36.67,15.13,16531.13,14973.65,0.0991,414.37,未分组,延续款,8月,2024,秋冬,在售,0.78,12,1419,1498,208,14739.91,姚凯,复古,第二波,9月,1年,B波,否,延续,待评估,需改进,B
104,SPU103,家居服经典款,联名,内衣,家居服,0.0907,1135,1032,758,31713.74,35491.2,10666.72,13737.2,24824.48,103,23,517.46,742.68,681.42,3471.85,1185.878,32019.35,9985.3,22034.05,3376.94,27.12,23.83,39575.41,28967.63,0.0303,446.38,未分组,延续款,9月,2025,春季,在售,0.56,374,953,1267,20,32019.35,孙雪梅,时尚,第三波,6月,3个月,E波,否,改进,失败,一般,E
105,SPU104,羊毛衫热卖款,爆款,女装,毛衣,0.0888,1846,1682,1838,14100.53,34331.11,14105.22,7058.44,20225.89,164,90,4330.47,1069.5,822.78,647.89,1708.413,33683.22,13282.44,20400.78,2893.57,44.97,13.56,32520.43,32087.96,0.049,361.95,A类,升级款,8月,2023,春夏,清仓,0.95,295,1962,157,55,33683.22,王雪,复古,第三波,3月,6个月,D波,否,改进,成功,需改进,D
106,SPU105,速干短裤秋冬款,限量,运动,运动裤,0.1319,3441,2987,2640,2052.63,10263.97,3169.66,1145.1,7094.31,454,377,694.22,183.81,402.21,1255.06,712.603,9008.91,2767.45,6241.46,404.07,29.67,20.91,11667.7,9125.2,0.1428,186.84,B类,改进款,3月,2024,秋冬,清仓,0.69,295,1576,96,75,9008.91,黄利,时尚,第三波,12月,6个月,E波,否,创新,一般,一般,B
107,SPU106,牛仔裤春季款,清仓,男装,下装,0.1134,2593,2299,1805,13759.95,10040.33,5271.12,4942.27,4769.21,294,64,730.74,772.56,286.6,149.16,404.0,9891.17,4984.52,4906.65,210.19,1.25,27.93,11118.73,9935.49,0.0355,467.52,B类,延续款,12月,2025,秋季,预售,0.82,302,970,593,496,9891.17,陈洋,商务,第二波,全年平销,长期,C波,否,停用,成功,一般,E
108,SPU107,风衣经典款,设计师款,女装,外套,0.1263,1805,1577,189,16991.96,30799.41,11644.02,6986.6,19155.39,228,91,405.22,994.14,1390.06,2577.93,1386.163,28221.48,10253.96,17967.52,2169.52,4.37,15.35,27035.11,26596.88,0.4815,322.29,A类,改进款,7月,2023,冬季,清仓,0.68,381,24,582,176,28221.48,马淑华,时尚,第三波,12月,3个月,B波,是,停用,待评估,需改进,B
109,SPU108,家居服新款,限量,内衣,家居服,0.018,4898,4810,1702,15858.33,49430.74,25215.63,9553.78,24215.11,88,18,1106.4,1697.63,3546.36,2815.49,3342.108,46615.25,21669.27,24945.98,2338.38,27.79,21.31,54477.49,40898.27,0.0106,133.7,D类,改进款,9月,2024,春夏,预售,0.92,311,1011,1145,378,46615.25,陶畅,休闲,第二波,3月,3个月,B波,是,创新,待评估,好,C
110,SPU109,家居服热卖款,限量,内衣,家居服,0.007,2004,1990,1566,14583.63,49722.31,16243.78,6918.87,33478.53,14,1,2292.58,1722.29,1483.86,5687.2,4901.13,44035.11,14759.92,29275.19,4159.04,18.66,21.99,40126.8,42358.81,0.0006,311.74,B类,改进款,8月,2025,秋冬,预售,0.58,279,739,859,325,44035.11,莫健,时尚,第一波,9月,1年,E波,否,改进,一般,好,E
111,SPU110,长袖T恤秋冬款,设计师款,男装,T恤,0.056,2466,2328,392,27186.6,18229.84,6516.93,13429.08,11712.91,138,92,1050.84,896.15,321.93,531.82,285.075,17698.02,6195.0,11503.02,435.87,11.06,5.65,21125.15,16820.41,0.2347,424.14,E类,无,12月,2025,冬季,在售,0.71,938,156,238,419,17698.02,张春梅,复古,第一波,12月,1年,C波,是,改进,待评估,需改进,B
112,SPU111,POLO衫春季款,设计师款,童装,上装,0.0357,1821,1756,1409,12102.15,7141.86,2514.56,4171.48,4627.3,65,18,90.22,195.62,268.34,150.01,325.645,6991.85,2246.22,4745.63,197.63,1.64,19.79,7408.04,6383.51,0.0128,458.84,A类,延续款,5月,2025,春夏,在售,0.89,942,1232,420,300,6991.85,宋冬梅,复古,第二波,9月,3个月,A波,否,创新,失败,需改进,B
113,SPU112,运动长裤春季款,联名,运动,运动裤,0.003,4736,4722,1777,36074.77,48248.93,17789.83,12246.46,30459.1,14,8,1928.13,1433.64,188.68,5575.77,3322.657,42673.16,17601.15,25072.01,2073.82,29.47,13.19,57083.27,40344.29,0.0045,209.67,D类,经典款,4月,2025,秋冬,清仓,0.56,321,253,954,56,42673.16,曹宁,商务,第二波,12月,1年,C波,否,延续,失败,优秀,A
114,SPU113,家居服新款,设计师款,内衣,家居服,0.1374,2555,2204,925,28141.88,15238.88,9785.59,17475.39,5453.29,351,227,2155.87,601.24,193.22,555.15,64.294,14683.73,9592.37,5091.36,1077.0,33.6,11.89,15377.02,14252.98,0.2454,103.65,D类,经典款,12月,2025,春夏,停售,0.53,998,407,693,102,14683.73,李桂英,商务,第四波,3月,6个月,D波,是,创新,失败,优秀,C
115,SPU114,家居服新款,联名,内衣,家居服,0.0328,2284,2209,442,6987.31,24977.73,9799.48,2243.91,15178.25,75,58,488.36,1028.31,138.77,3545.25,2217.393,21432.48,9660.71,11771.77,1109.93,33.96,4.58,26196.31,20463.42,0.1312,84.43,E类,经典款,无,2024,秋冬,预售,0.83,502,1033,535,277,21432.48,杨博,时尚,特别款,全年平销,3个月,A波,是,延续,待评估,优秀,C
116,SPU115,家居服春季款,设计师款,内衣,家居服,0.0409,269,258,155,44350.31,9043.07,4270.79,15245.54,4772.28,11,8,945.03,437.38,275.34,486.01,505.634,8557.06,3995.45,4561.61,556.14,23.8,25.63,9067.25,7942.32,0.0516,272.61,D类,无,11月,2024,春季,预售,0.53,604,92,262,428,8557.06,李娜,时尚,第三波,全年平销,3个月,C波,是,延续,待评估,需改进,C
117,SPU116,家居服热卖款,热卖,内衣,家居服,0.063,2000,1874,1327,16292.88,5162.15,2969.25,5016.33,2192.9,126,30,287.31,221.29,77.28,679.61,286.988,4482.54,2891.97,1590.57,315.53,45.07,8.0,5566.78,4736.78,0.0226,493.59,D类,无,7月,2024,秋季,在售,0.9,102,1414,1382,105,4482.54,杨敏,时尚,第四波,全年平销,1年,B波,是,创新,待评估,一般,D
118,SPU117,短裤秋冬款,限量,女装,下装,0.0488,389,370,205,40425.55,31604.04,21591.14,17574.41,10012.9,19,18,613.68,2637.7,1963.65,3491.58,766.363,28112.46,19627.49,8484.97,912.61,39.78,19.55,29099.07,30365.96,0.0878,244.81,E类,改进款,4月,2024,夏季,预售,0.81,464,1375,1121,92,28112.46,郭鹏,简约,特别款,6月,长期,B波,是,创新,待评估,好,E
119,SPU118,西装外套夏季款,爆款,男装,外套,0.0391,1969,1892,1728,22334.05,16614.01,10501.48,9084.91,6112.53,77,38,833.79,341.11,404.29,316.0,648.904,16298.01,10097.19,6200.82,519.22,11.92,4.5,13475.32,15939.63,0.022,189.74,D类,无,7月,2024,冬季,在售,0.6,279,279,59,132,16298.01,潘桂珍,时尚,特别款,6月,3个月,D波,否,延续,成功,需改进,E
120,SPU119,针织衫秋冬款,限量,童装,上装,0.0677,739,689,143,12566.02,28977.7,14491.73,8543.26,14485.97,50,46,4068.98,655.8,1492.51,779.21,1938.789,28198.49,12999.22,15199.27,910.68,6.11,24.2,26998.94,26568.65,0.3217,225.48,未分组,升级款,7月,2023,秋冬,在售,0.59,993,562,900,209,28198.49,梁建,时尚,特别款,3月,长期,E波,是,延续,失败,优秀,D
121,SPU120,风衣秋冬款,新品,男装,外套,0.0966,3893,3517,86,32624.48,45356.24,14238.4,18800.61,31117.84,376,157,5462.36,620.15,1734.97,5148.97,2719.136,40207.27,12503.43,27703.84,1716.02,47.92,10.89,51021.24,37392.17,1.8256,440.13,D类,经典款,1月,2024,春季,预售,0.55,842,1549,482,152,40207.27,甘玲,复古,第二波,12月,1年,D波,否,创新,成功,优秀,D
122,SPU121,家居服春季款,联名,内衣,家居服,0.1356,1313,1135,1036,4251.99,21622.66,12793.97,1322.12,8828.69,178,66,373.94,1277.13,713.23,1874.29,867.171,19748.37,12080.74,7667.63,1755.58,6.8,12.02,22732.3,18654.83,0.0637,87.0,B类,升级款,9月,2025,冬季,停售,0.92,702,840,654,231,19748.37,董刚,休闲,第二波,9月,6个月,E波,是,创新,一般,好,D
123,SPU122,短裤经典款,热卖,童装,下装,0.049,4672,4443,188,46232.51,32708.23,18010.82,18710.91,14697.41,229,5,4227.75,305.64,2636.39,4479.66,1418.602,28228.57,15374.43,12854.14,2094.48,7.46,28.74,28392.35,29877.29,0.0266,56.35,E类,经典款,无,2024,冬季,清仓,0.56,730,416,390,484,28228.57,尹成,时尚,第三波,12月,长期,B波,是,改进,一般,需改进,B
124,SPU123,家居服夏季款,新品,内衣,家居服,0.0766,235,217,60,31266.33,45459.08,20359.08,15243.98,25100.0,18,8,6000.69,2980.89,1509.48,4809.45,1648.007,40649.63,18849.6,21800.03,1322.84,19.17,12.7,47226.46,37031.47,0.1333,300.65,A类,改进款,4月,2024,春季,下架,0.97,990,1643,1225,363,40649.63,束颖,运动,第一波,3月,1年,E波,是,创新,待评估,需改进,B
125,SPU124,训练外套秋冬款,新品,运动,运动外套,0.092,1391,1263,694,44016.94,7464.06,3186.61,18720.75,4277.45,128,126,1097.16,254.58,95.12,628.92,625.671,6835.14,3091.49,3743.65,263.41,18.03,12.9,8666.65,6364.18,0.1816,423.32,C类,无,6月,2024,秋冬,预售,0.87,503,1564,309,284,6835.14,耿静,运动,第四波,3月,6个月,B波,否,改进,一般,好,D
126,SPU125,休闲裤经典款,设计师款,童装,下装,0.033,3575,3457,2027,2998.79,18469.49,10779.01,1763.01,7690.48,118,114,567.52,635.36,851.74,1439.29,296.258,17030.2,9927.27,7102.93,656.97,41.75,22.5,20852.58,16856.17,0.0562,348.41,B类,无,1月,2025,秋季,停售,0.71,78,504,1020,346,17030.2,陈坤,简约,第三波,3月,1年,A波,是,创新,成功,需改进,B
127,SPU126,包臀裙热卖款,爆款,女装,半身裙,0.1181,3930,3466,3912,14196.6,33242.31,14353.06,6104.06,18889.25,464,321,3736.98,1619.09,1394.13,536.48,2720.739,32705.83,12958.93,19746.9,2035.24,10.57,1.46,35152.33,28742.44,0.0821,74.99,A类,无,10月,2024,春夏,清仓,0.63,245,1976,816,45,32705.83,冯婷婷,简约,第二波,6月,长期,D波,是,改进,成功,需改进,D
128,SPU127,家居服秋冬款,新品,内衣,家居服,0.1347,787,681,524,10793.69,22826.68,10391.52,6504.24,12435.16,106,47,2819.99,996.98,977.3,1086.26,880.096,21740.42,9414.22,12326.2,1103.48,2.02,10.25,22493.64,19285.03,0.0897,358.81,B类,经典款,9月,2025,冬季,下架,0.54,479,895,162,464,21740.42,陈彬,休闲,第三波,6月,6个月,C波,否,停用,失败,好,E
129,SPU128,针织连衣裙新款,限量,女装,连衣裙,0.1213,3480,3058,1903,33381.91,28855.43,11581.19,10231.81,17274.24,422,48,3280.06,866.31,248.39,1318.13,2074.028,27537.3,11332.8,16204.5,2477.58,2.26,12.49,31214.4,24896.16,0.0252,375.84,未分组,经典款,10月,2024,春季,停售,0.61,80,1529,1237,132,27537.3,马强,运动,第一波,12月,3个月,A波,是,延续,成功,一般,D
130,SPU129,家居服秋冬款,设计师款,内衣,家居服,0.1195,2955,2602,2827,34080.01,40427.4,13545.36,10440.55,26882.04,353,344,5897.26,1764.44,497.28,1169.0,1056.253,39258.4,13048.08,26210.32,2764.27,32.49,13.07,42465.9,38729.54,0.1217,135.91,C类,经典款,3月,2024,夏季,在售,0.56,924,312,1438,227,39258.4,王丽丽,休闲,第四波,3月,长期,E波,否,改进,失败,优秀,A
131,SPU130,休闲衬衫热卖款,限量,童装,上装,0.1202,3537,3112,3019,29354.4,36822.85,25761.65,15746.16,11061.2,425,253,3520.61,2705.32,1699.12,559.06,1375.311,36263.79,24062.53,12201.26,1985.16,35.71,15.85,35674.04,31784.38,0.0838,78.58,未分组,经典款,8月,2023,夏季,下架,0.97,355,918,1428,223,36263.79,李金凤,简约,第二波,9月,6个月,D波,是,停用,一般,一般,E
132,SPU131,运动套装秋冬款,热卖,童装,套装,0.0666,3197,2984,2757,32972.51,18652.52,9119.78,13617.08,9532.74,213,213,2143.09,942.87,298.07,2722.0,267.618,15930.52,8821.71,7108.81,521.4,30.29,3.03,18025.68,18629.27,0.0773,186.64,B类,无,1月,2023,春季,预售,0.68,162,357,1031,16,15930.52,梁佳,简约,第三波,12月,3个月,E波,否,延续,一般,优秀,C
133,SPU132,风衣新款,新品,童装,外套,0.0351,2191,2114,426,35613.84,46404.97,22048.43,24568.7,24356.54,77,65,5542.21,2102.36,2818.31,3433.92,3170.594,42971.05,19230.12,23740.93,889.5,28.12,15.22,40224.69,38219.68,0.1526,142.42,C类,升级款,12月,2024,冬季,清仓,0.88,510,1500,203,78,42971.05,林海燕,运动,第三波,9月,6个月,A波,否,停用,待评估,好,B
134,SPU133,家居服新款,限量,内衣,家居服,0.015,1402,1381,762,36044.79,21335.42,11772.38,16893.79,9563.04,21,8,894.92,1439.15,1359.11,946.51,649.114,20388.91,10413.27,9975.64,999.3,22.94,25.57,23849.65,18612.06,0.0105,63.39,B类,延续款,12月,2025,春夏,在售,0.67,411,1581,336,222,20388.91,王秀梅,简约,第四波,3月,6个月,E波,否,创新,待评估,优秀,E
135,SPU134,西装外套春季款,联名,童装,外套,0.1179,2291,2021,1654,22863.26,11051.54,5722.16,10016.4,5329.38,270,75,1366.59,576.94,579.57,1330.25,631.83,9721.29,5142.59,4578.7,986.77,4.21,16.12,10565.24,10430.18,0.0453,445.94,E类,无,5月,2023,春夏,下架,0.78,533,697,1301,81,9721.29,黄淑英,简约,第一波,全年平销,1年,B波,是,停用,成功,好,C
136,SPU135,风衣春季款,限量,童装,外套,0.1117,1021,907,586,37106.08,23204.21,16084.7,21738.93,7119.51,114,38,3277.72,1659.5,2387.93,2848.42,912.931,20355.79,13696.77,6659.02,720.38,14.96,20.01,26128.68,21221.48,0.0648,112.99,D类,无,12月,2023,春夏,预售,0.76,197,1685,739,232,20355.79,徐荣,简约,第二波,12月,长期,A波,否,延续,待评估,一般,D
137,SPU136,休闲衬衫秋冬款,联名,男装,衬衫,0.0956,4311,3899,4251,39162.41,43728.72,23338.96,26333.36,20389.76,412,301,3434.27,3413.51,3489.45,4333.72,2555.523,39395.0,19849.51,19545.49,1005.37,6.36,21.33,37246.12,41144.57,0.0708,438.47,A类,升级款,8月,2024,春夏,停售,0.97,378,1887,243,308,39395.0,尤雪梅,休闲,第一波,3月,1年,E波,是,延续,一般,好,C
138,SPU137,西装外套秋冬款,热卖,童装,外套,0.007,3980,3952,585,7964.85,29891.59,9549.18,2972.73,20342.41,28,25,3394.26,98.28,1284.06,4041.21,1762.776,25850.38,8265.12,17585.26,480.68,2.23,14.44,27616.26,26617.71,0.0427,202.02,D类,经典款,12月,2025,秋冬,停售,0.75,471,1559,921,341,25850.38,谭秀华,休闲,第二波,9月,3个月,E波,是,停用,一般,优秀,C
139,SPU138,跑步外套热卖款,新品,运动,运动外套,0.1452,2272,1942,678,35653.22,29027.74,17952.6,19879.01,11075.14,330,45,636.33,2580.21,1589.63,3165.06,950.876,25862.68,16362.97,9499.71,2269.54,47.86,15.65,31937.0,26140.29,0.0664,58.4,未分组,无,3月,2023,春季,停售,0.62,722,1718,1186,227,25862.68,张金凤,简约,特别款,全年平销,1年,D波,否,停用,成功,需改进,D
140,SPU139,休闲衬衫新款,新品,男装,衬衫,0.075,2599,2404,372,6617.59,5867.35,2154.86,2393.52,3712.49,195,65,840.81,226.27,98.64,176.99,67.745,5690.36,2056.22,3634.14,566.21,9.07,21.4,5393.33,4809.75,0.1747,114.11,C类,改进款,7月,2023,春夏,停售,0.62,611,1200,484,252,5690.36,李娜,商务,特别款,12月,3个月,C波,否,创新,待评估,优秀,A
141,SPU140,家居服热卖款,清仓,内衣,家居服,0.0047,1914,1905,1134,48210.26,34079.77,13581.69,25421.19,20498.08,9,4,2468.65,1744.96,1628.85,2987.4,1641.087,31092.37,11952.84,19139.53,2742.04,7.12,16.21,29556.54,28934.83,0.0035,478.68,E类,经典款,1月,2023,夏季,下架,0.64,995,342,1,30,31092.37,李静,休闲,第三波,全年平销,1年,D波,是,改进,失败,好,B
142,SPU141,跑步外套春季款,设计师款,运动,运动外套,0.1103,3238,2881,572,36528.62,49942.24,32527.97,15609.47,17414.27,357,62,5268.61,1885.61,2624.19,1973.67,811.339,47968.57,29903.78,18064.79,3882.63,22.64,7.38,59591.52,43366.14,0.1084,256.91,E类,改进款,1月,2025,秋冬,在售,0.8,4,1846,19,344,47968.57,戴兰英,复古,第四波,全年平销,长期,D波,否,延续,成功,优秀,A
143,SPU142,童装套装经典款,联名,童装,套装,0.1475,1451,1237,1427,49205.98,7113.43,3188.18,15151.14,3925.25,214,196,351.11,443.14,36.06,263.33,235.888,6850.1,3152.12,3697.98,128.73,30.67,9.1,7733.18,6024.02,0.1374,272.21,C类,延续款,5月,2024,冬季,下架,0.6,200,1681,1307,202,6850.1,孔丽华,简约,第三波,全年平销,长期,B波,否,改进,成功,一般,A
144,SPU143,羽绒服夏季款,爆款,男装,外套,0.0653,4285,4005,189,49605.62,34956.3,17938.76,14920.48,17017.54,280,98,2439.81,1869.83,1586.08,1587.33,1718.843,33368.97,16352.68,17016.29,3035.86,16.15,25.33,33654.19,28816.0,0.5185,283.23,D类,改进款,9月,2023,冬季,停售,0.52,940,860,1090,229,33368.97,郑玉,时尚,第一波,12月,6个月,C波,否,延续,一般,优秀,A
145,SPU144,牛仔裤秋冬款,清仓,男装,下装,0.0126,2546,2514,114,24518.35,40594.89,21799.96,9779.42,18794.93,32,6,3097.42,3144.26,1238.29,3965.37,2378.544,36629.52,20561.67,16067.85,3407.82,25.98,7.1,33659.83,37347.01,0.0526,247.34,A类,经典款,10月,2023,春夏,在售,0.96,386,641,1420,33,36629.52,王瑞,复古,第一波,12月,3个月,C波,是,延续,成功,好,E
146,SPU145,西装外套经典款,爆款,女装,外套,0.1006,785,706,238,43364.55,39586.27,21756.74,28272.61,17829.53,79,52,3827.69,1252.02,1631.52,2908.7,2518.633,36677.57,20125.22,16552.35,3185.25,22.7,9.85,34716.86,32482.04,0.2185,317.83,A类,无,无,2023,秋季,停售,0.82,262,727,862,246,36677.57,邹梅,运动,特别款,12月,6个月,B波,否,延续,成功,一般,C
147,SPU146,套头卫衣秋冬款,联名,运动,卫衣,0.1159,4781,4227,1207,24006.66,30563.14,12727.27,13715.49,17835.87,554,149,550.88,1030.85,1049.69,4457.27,2263.809,26105.87,11677.58,14428.29,2667.65,21.1,5.86,26900.11,30003.84,0.1234,403.37,C类,升级款,11月,2024,冬季,清仓,0.8,339,1744,1184,289,26105.87,王凯,时尚,特别款,9月,长期,C波,否,延续,待评估,好,D
148,SPU147,POLO衫夏季款,热卖,男装,上装,0.1262,1886,1648,436,12711.93,36994.72,25194.71,5849.08,11800.01,238,159,4648.45,275.67,2862.41,2086.95,134.342,34907.77,22332.3,12575.47,1561.54,27.73,4.27,36112.89,34266.99,0.3647,460.72,C类,延续款,1月,2023,秋冬,预售,0.59,906,536,1472,89,34907.77,周彬,时尚,特别款,6月,6个月,B波,否,改进,失败,好,A
149,SPU148,休闲衬衫秋冬款,限量,男装,衬衫,0.0906,1722,1566,491,19112.39,19245.16,7092.69,12474.0,12152.47,156,116,2559.11,135.85,864.34,1612.16,367.254,17633.0,6228.35,11404.65,1793.15,39.74,5.75,18307.5,16836.65,0.2363,319.8,未分组,升级款,1月,2025,秋季,停售,0.93,301,1617,304,167,17633.0,陈凯,复古,第一波,9月,6个月,E波,是,改进,成功,优秀,E
150,SPU149,POLO衫经典款,爆款,女装,上装,0.0918,4171,3788,3803,9770.93,35911.86,18321.88,3980.03,17589.98,383,255,2374.94,2546.12,2634.78,2788.97,1614.014,33122.89,15687.1,17435.79,477.43,10.98,6.09,41128.68,31572.99,0.0671,187.7,D类,无,3月,2024,春季,下架,0.54,769,172,604,227,33122.89,田静,商务,第三波,6月,3个月,D波,是,停用,待评估,优秀,D
151,SPU150,家居服秋冬款,限量,内衣,家居服,0.0872,2236,2041,735,22642.74,14015.62,4630.14,11437.22,9385.48,195,6,1403.13,555.72,237.21,1909.02,1311.385,12106.6,4392.93,7713.67,264.29,3.57,1.15,12335.46,11763.72,0.0082,198.16,C类,改进款,4月,2025,秋季,停售,1.0,770,1466,1112,467,12106.6,刘秀云,时尚,第一波,9月,1年,C波,是,停用,成功,优秀,E
152,SPU151,休闲衬衫夏季款,新品,男装,衬衫,0.1408,1719,1477,1056,29763.18,28078.15,13687.97,12656.2,14390.18,242,59,1019.2,1612.69,789.69,3482.13,1549.992,24596.02,12898.28,11697.74,810.41,22.5,16.75,26670.88,25705.59,0.0559,107.76,未分组,延续款,8月,2025,春季,预售,0.61,435,1404,826,390,24596.02,戚莹,运动,特别款,9月,1年,E波,否,延续,一般,一般,C
153,SPU152,套头卫衣夏季款,热卖,运动,卫衣,0.01,3200,3168,771,24264.11,17113.23,11718.72,8291.66,5394.51,32,24,1495.82,169.78,616.99,1702.09,574.318,15411.14,11101.73,4309.41,923.69,9.33,2.08,20282.56,14661.99,0.0311,154.87,未分组,无,2月,2024,春夏,预售,0.76,175,669,841,200,15411.14,谢辉,复古,第一波,6月,长期,D波,否,停用,一般,一般,B
154,SPU153,童装套装夏季款,爆款,童装,套装,0.1189,4945,4357,4812,10945.67,36121.83,17467.89,3563.78,18653.94,588,317,2380.18,2149.58,2598.38,1381.24,1559.841,34740.59,14869.51,19871.08,3320.58,43.96,13.81,37221.85,34223.92,0.0659,179.56,D类,改进款,12月,2025,春季,清仓,0.81,829,1740,358,212,34740.59,王秀兰,复古,第二波,全年平销,长期,D波,是,改进,成功,优秀,A
155,SPU154,短裤热卖款,设计师款,男装,下装,0.0677,4405,4107,1779,45528.09,21152.63,12791.93,15574.7,8360.7,298,34,2481.53,711.77,788.27,570.53,611.427,20582.1,12003.66,8578.44,692.73,25.3,13.87,17541.41,19860.14,0.0191,387.38,D类,改进款,12月,2024,秋冬,清仓,0.52,256,234,1452,469,20582.1,穆亮,复古,第三波,12月,长期,D波,否,延续,一般,优秀,B
156,SPU155,家居服夏季款,联名,内衣,家居服,0.1293,147,128,45,15413.09,27198.04,12411.55,6308.59,14786.49,19,3,1949.89,433.31,1450.94,567.4,1626.776,26630.64,10960.61,15670.03,2457.12,26.61,13.26,22277.98,25211.44,0.0667,285.29,未分组,延续款,7月,2025,春季,清仓,0.53,4,99,772,392,26630.64,宋晶,复古,第二波,9月,6个月,B波,否,延续,待评估,好,A
157,SPU156,休闲裤热卖款,新品,童装,下装,0.0542,517,489,98,40049.28,41692.08,15307.38,25080.85,26384.7,28,28,2300.37,1496.3,1043.89,1391.96,2571.302,40300.12,14263.49,26036.63,3922.79,19.75,12.84,37229.5,34236.58,0.2857,195.52,A类,经典款,11月,2024,春夏,清仓,0.61,225,135,1347,417,40300.12,王想,时尚,特别款,9月,3个月,A波,否,停用,失败,优秀,A
158,SPU157,速干短裤春季款,联名,运动,运动裤,0.0676,4914,4582,3183,34217.13,48645.98,28092.48,14617.11,20553.5,332,323,6285.92,2177.12,2779.74,2747.84,1169.797,45898.14,25312.74,20585.4,3150.7,29.25,11.47,51381.67,41178.1,0.1015,314.36,A类,升级款,1月,2025,春夏,预售,0.62,438,1550,498,317,45898.14,邢娟,简约,第一波,6月,1年,D波,是,改进,一般,优秀,B
159,SPU158,休闲裤新款,设计师款,女装,下装,0.0924,3635,3299,1139,16559.39,39561.57,12495.24,6878.47,27066.33,336,68,526.84,1606.52,850.74,4780.98,1525.941,34780.59,11644.5,23136.09,1258.15,26.97,27.2,42172.73,33614.18,0.0597,359.31,未分组,升级款,10月,2024,秋季,预售,0.59,644,12,132,445,34780.59,江琳,休闲,第一波,6月,3个月,B波,否,改进,成功,一般,E
160,SPU159,运动长裤新款,清仓,运动,运动裤,0.0844,640,586,478,16261.69,36362.01,14470.99,8627.94,21891.02,54,46,5290.0,552.74,649.11,1261.8,2862.023,35100.21,13821.88,21278.33,1938.29,47.55,10.79,34583.43,32512.83,0.0962,240.21,E类,经典款,无,2023,夏季,在售,0.88,437,1749,170,388,35100.21,杨云,时尚,特别款,全年平销,6个月,E波,否,创新,待评估,优秀,C
161,SPU160,家居服新款,限量,内衣,家居服,0.0991,4964,4472,2729,7696.16,23993.67,8683.06,4557.26,15310.61,492,36,1497.11,578.62,102.43,876.91,1044.411,23116.76,8580.63,14536.13,1092.16,37.11,11.52,22149.14,23933.79,0.0132,82.06,A类,延续款,7月,2025,秋冬,停售,0.88,980,522,1479,178,23116.76,钱娟,商务,第四波,9月,3个月,D波,是,改进,一般,优秀,A
162,SPU161,POLO衫热卖款,设计师款,童装,上装,0.0545,1211,1145,301,13460.11,30505.32,20765.32,4535.01,9740.0,66,58,3344.16,1325.01,243.52,3898.95,1060.197,26606.37,20521.8,6084.57,2979.55,4.02,27.3,35093.4,25415.96,0.1927,242.09,未分组,改进款,9月,2025,冬季,清仓,0.79,751,842,1490,445,26606.37,孙桂英,简约,第一波,全年平销,1年,B波,是,改进,待评估,需改进,A
163,SPU162,休闲衬衫春季款,热卖,男装,衬衫,0.0927,572,519,426,33071.54,36919.07,13595.58,16356.8,23323.49,53,33,2967.04,345.78,1476.03,2305.64,2084.954,34613.43,12119.55,22493.88,1075.51,10.05,22.5,41484.9,30952.1,0.0775,492.33,D类,经典款,11月,2025,春夏,停售,0.54,87,773,255,141,34613.43,朱颖,简约,第三波,3月,6个月,D波,是,延续,成功,好,C
164,SPU163,针织连衣裙夏季款,爆款,女装,连衣裙,0.0016,4278,4271,4260,49357.95,38306.83,25774.8,21451.96,12532.03,7,6,4039.85,1495.73,1473.91,2920.99,678.375,35385.84,24300.89,11084.95,1209.11,18.06,11.95,40004.73,38117.63,0.0014,442.88,A类,延续款,8月,2025,夏季,停售,0.51,125,1779,1086,143,35385.84,沈波,运动,第二波,9月,长期,E波,是,停用,一般,好,C
165,SPU164,连帽卫衣热卖款,爆款,女装,卫衣,0.1302,2666,2319,956,30731.39,20608.09,11232.17,21350.59,9375.92,347,227,2678.93,1535.76,785.22,440.84,1057.593,20167.25,10446.95,9720.3,751.12,9.75,4.29,20773.4,18843.59,0.2374,435.56,E类,延续款,3月,2024,春夏,预售,0.92,561,1791,956,86,20167.25,杨秀兰,休闲,第一波,12月,6个月,B波,否,改进,成功,好,D
166,SPU165,针织衫经典款,联名,女装,上装,0.0488,2296,2184,1055,33630.7,47623.69,27061.71,19847.69,20561.98,112,92,1079.24,2891.54,3766.53,4913.18,2715.655,42710.51,23295.18,19415.33,4469.97,38.32,18.02,50366.56,41689.88,0.0872,372.85,未分组,经典款,11月,2025,秋季,清仓,0.9,228,530,236,148,42710.51,刘东,简约,第一波,3月,1年,E波,否,延续,失败,一般,C
167,SPU166,家居服春季款,限量,内衣,家居服,0.1134,4833,4285,3179,49012.63,16662.51,7431.64,27716.5,9230.87,548,194,1544.76,185.21,903.09,1751.27,104.183,14911.24,6528.55,8382.69,1444.85,15.8,24.48,15308.34,14059.51,0.061,355.99,B类,无,5月,2023,冬季,在售,0.8,316,1028,1410,63,14911.24,魏云,时尚,特别款,12月,6个月,D波,是,停用,成功,需改进,B
168,SPU167,连帽卫衣热卖款,限量,男装,卫衣,0.0512,430,408,372,20198.59,49235.09,27753.83,9229.02,21481.26,22,15,3404.18,2117.04,4128.35,6341.11,1262.303,42893.98,23625.48,19268.5,2226.54,3.59,21.8,44948.96,48477.5,0.0403,365.5,E类,经典款,2月,2023,春季,下架,0.93,55,1740,1453,155,42893.98,吴慧,休闲,第二波,全年平销,6个月,D波,是,创新,一般,一般,B
169,SPU168,连帽卫衣秋冬款,清仓,男装,卫衣,0.0221,4715,4611,1209,19451.23,49152.33,28104.23,13414.8,21048.1,104,86,1727.64,487.5,502.68,1649.12,3099.096,47503.21,27601.55,19901.66,3367.37,29.67,29.09,51648.73,43293.31,0.0711,65.3,B类,经典款,8月,2024,冬季,下架,0.98,668,1526,768,397,47503.21,薛晶,运动,第一波,12月,长期,C波,是,创新,成功,好,A
170,SPU169,包臀裙热卖款,联名,女装,半身裙,0.0551,4175,3945,3928,14412.52,37522.61,23179.12,8375.04,14343.49,230,5,1942.58,638.19,1803.03,1326.56,796.523,36196.05,21376.09,14819.96,2785.65,43.11,16.13,36101.71,35276.82,0.0013,227.21,E类,无,8月,2023,秋季,下架,0.77,838,1618,1334,63,36196.05,阮帅,复古,第一波,6月,6个月,A波,是,创新,成功,好,B
171,SPU170,运动长裤春季款,联名,运动,运动裤,0.0569,4607,4345,693,49016.49,25801.27,11492.5,14706.62,14308.77,262,17,1343.83,1637.34,795.59,2224.58,1183.651,23576.69,10696.91,12879.78,2075.77,32.96,13.35,26596.69,24227.92,0.0245,285.2,C类,无,9月,2025,秋冬,在售,0.83,45,485,75,96,23576.69,赵佳,复古,第三波,6月,6个月,E波,否,创新,失败,一般,E
172,SPU171,家居服秋冬款,热卖,内衣,家居服,0.1062,3127,2795,1638,23347.32,47292.28,26985.46,7663.13,20306.82,332,83,5323.9,4030.29,811.03,6697.91,2184.047,40594.37,26174.43,14419.94,1292.8,18.61,19.72,53355.31,43555.67,0.0507,238.86,B类,改进款,无,2024,夏季,在售,0.98,253,158,553,63,40594.37,王玉华,商务,第一波,全年平销,长期,A波,是,延续,失败,需改进,C
173,SPU172,短裤春季款,限量,男装,下装,0.0599,802,754,387,47637.36,39353.95,13750.33,29941.86,25603.62,48,14,3091.12,1155.78,1822.9,3294.19,2766.824,36059.76,11927.43,24132.33,3458.66,27.58,18.22,45596.59,32827.08,0.0362,475.93,D类,升级款,6月,2025,冬季,下架,0.78,903,1740,824,244,36059.76,钟萍,商务,第二波,9月,3个月,E波,否,改进,一般,优秀,E
174,SPU173,POLO衫热卖款,限量,童装,上装,0.1194,3032,2670,2777,30826.45,35632.55,13299.56,12784.59,22332.99,362,127,5108.51,1102.31,1619.7,5276.27,2469.702,30356.28,11679.86,18676.42,3318.93,11.44,19.07,29745.23,30684.34,0.0457,396.76,A类,延续款,2月,2025,秋冬,在售,0.58,58,173,585,283,30356.28,李亮,休闲,第一波,12月,6个月,D波,是,延续,待评估,好,E
175,SPU174,连帽卫衣热卖款,新品,男装,卫衣,0.1014,3481,3128,3026,33397.53,46102.49,32256.4,18133.17,13846.09,353,125,6687.2,3368.64,3411.79,6560.01,1848.041,39542.48,28844.61,10697.87,2633.21,11.25,2.25,52361.53,41618.42,0.0413,478.62,D类,经典款,7月,2023,春季,在售,0.67,695,511,1104,435,39542.48,王博,简约,第三波,9月,长期,C波,是,改进,成功,优秀,B
176,SPU175,针织衫新款,热卖,童装,上装,0.0145,3999,3941,24,31160.98,17099.04,7550.2,14359.83,9548.84,58,22,192.21,530.87,1016.46,183.33,359.573,16915.71,6533.74,10381.97,985.22,44.93,12.32,19924.55,13702.86,0.9167,396.25,C类,升级款,8月,2024,春季,预售,0.68,913,373,1098,415,16915.71,欧阳红,时尚,第一波,12月,长期,B波,否,创新,待评估,好,C
177,SPU176,休闲衬衫秋冬款,联名,男装,上装,0.0243,329,321,215,37452.28,45148.89,16439.84,25960.85,28709.05,8,6,1202.36,1290.03,1267.53,1709.29,2278.909,43439.6,15172.31,28267.29,3221.66,6.37,22.53,50211.66,39729.9,0.0279,376.7,未分组,经典款,3月,2023,春夏,在售,0.56,352,1024,27,392,43439.6,梁杨,运动,第二波,3月,1年,D波,否,停用,待评估,需改进,C
178,SPU177,家居服夏季款,设计师款,内衣,家居服,0.1489,1249,1063,382,13223.87,38569.65,24903.14,6237.22,13666.51,186,130,2944.6,2977.93,1111.42,5754.44,333.86,32815.21,23791.72,9023.49,2921.31,30.56,5.66,44044.56,35707.07,0.3403,116.93,A类,升级款,7月,2023,春季,停售,0.96,436,36,1262,102,32815.21,包红,简约,第一波,12月,长期,E波,是,改进,一般,需改进,D
179,SPU178,家居服热卖款,热卖,内衣,家居服,0.0898,423,385,137,18815.23,47206.94,27598.79,5952.3,19608.15,38,7,816.6,3153.59,3734.53,2104.28,777.99,45102.66,23864.26,21238.4,2477.67,45.42,3.02,41255.84,46719.09,0.0511,213.61,C类,延续款,2月,2025,春夏,下架,0.89,133,678,738,379,45102.66,欧阳欣,时尚,特别款,全年平销,1年,B波,是,改进,待评估,好,A
180,SPU179,连帽卫衣春季款,联名,男装,卫衣,0.1394,4805,4135,1580,35528.34,46349.53,15293.11,17397.5,31056.42,670,195,5401.5,1295.3,887.09,4010.21,978.716,42339.32,14406.02,27933.3,996.74,20.91,21.35,53609.47,44118.77,0.1234,430.74,E类,改进款,6月,2024,冬季,在售,0.96,69,988,858,268,42339.32,宋岩,商务,第一波,6月,1年,B波,是,延续,成功,一般,D
181,SPU180,家居服经典款,联名,内衣,家居服,0.0942,4172,3779,3196,20641.6,14303.22,5344.06,6265.64,8959.16,393,287,2002.56,437.1,216.4,463.43,721.521,13839.79,5127.66,8712.13,1070.63,12.94,25.57,13138.16,12210.7,0.0898,103.6,B类,延续款,9月,2023,春季,在售,0.82,964,1809,568,474,13839.79,汪雷,复古,第三波,3月,6个月,B波,否,延续,失败,需改进,C
182,SPU181,羽绒服夏季款,清仓,女装,外套,0.1372,3345,2886,1207,16907.12,3805.91,2383.9,6267.37,1422.01,459,313,555.76,203.19,97.02,477.07,209.073,3328.84,2286.88,1041.96,304.61,39.03,3.19,4180.06,3335.49,0.2593,344.22,未分组,无,9月,2023,夏季,停售,0.66,208,1191,1289,413,3328.84,杨涛,休闲,第二波,12月,6个月,D波,是,改进,待评估,好,D
183,SPU182,休闲衬衫夏季款,联名,男装,衬衫,0.0937,1547,1402,1493,9839.93,14820.17,6284.7,5344.35,8535.47,145,125,292.31,126.24,782.13,1984.95,378.425,12835.22,5502.57,7332.65,1360.81,48.52,3.01,14978.92,14010.29,0.0837,413.6,E类,延续款,7月,2024,春夏,在售,0.91,781,1700,1319,478,12835.22,郭丽娟,简约,第二波,6月,3个月,C波,否,延续,成功,好,E
184,SPU183,休闲衬衫夏季款,联名,童装,上装,0.1464,3935,3359,3340,8994.08,17256.06,6243.33,4653.94,11012.73,576,454,223.8,101.35,667.32,307.55,949.847,16948.51,5576.01,11372.5,331.85,44.32,12.46,13813.2,14579.0,0.1359,152.0,D类,升级款,6月,2025,春季,停售,0.96,700,787,1406,452,16948.51,吴杨,运动,第一波,12月,6个月,A波,否,延续,失败,需改进,A
185,SPU184,速干T恤秋冬款,联名,运动,运动T恤,0.0072,694,689,154,9725.32,26993.55,14572.32,5590.74,12421.23,5,4,2630.96,731.25,452.19,2837.58,1646.512,24155.97,14120.13,10035.84,928.53,24.96,11.07,24460.49,26491.39,0.026,409.41,A类,升级款,无,2025,秋冬,预售,0.57,457,1477,979,417,24155.97,干峰,简约,第一波,全年平销,长期,C波,否,延续,失败,一般,B
186,SPU185,家居服经典款,爆款,内衣,家居服,0.1417,3472,2980,1695,30485.41,32193.61,11438.02,14250.83,20755.59,492,355,2562.43,969.12,1590.17,4576.78,1754.811,27616.83,9847.85,17768.98,2701.89,19.23,17.43,31187.12,29475.67,0.2094,362.07,未分组,升级款,12月,2023,秋冬,预售,0.5,871,35,742,285,27616.83,方英,休闲,第二波,3月,3个月,C波,是,改进,失败,优秀,B
187,SPU186,连帽卫衣夏季款,爆款,运动,卫衣,0.0152,1839,1811,282,6744.55,35093.26,12536.39,3026.1,22556.87,28,23,3796.96,1288.55,1347.12,3952.6,458.532,31140.66,11189.27,19951.39,2995.89,43.52,0.91,33201.65,28629.03,0.0816,84.68,E类,经典款,3月,2023,夏季,停售,0.87,715,1943,613,240,31140.66,邢婷婷,休闲,第三波,12月,3个月,C波,否,改进,成功,好,E
188,SPU187,短袖T恤春季款,清仓,男装,T恤,0.1312,3247,2821,2784,47463.86,23260.53,13597.24,27706.61,9663.29,426,216,1612.28,434.46,1224.96,1072.95,1413.132,22187.58,12372.28,9815.3,1324.34,48.9,3.75,20579.65,21488.28,0.0776,148.51,B类,无,10月,2023,冬季,清仓,0.74,668,1314,829,423,22187.58,高兵,休闲,第二波,3月,1年,D波,否,创新,成功,好,A
189,SPU188,风衣夏季款,联名,童装,外套,0.0359,2311,2228,436,4200.64,30258.43,18233.99,2821.49,12024.44,83,69,1320.69,399.42,1590.67,1612.07,1080.001,28646.36,16643.32,12003.04,424.79,49.32,14.51,24788.3,24770.83,0.1583,188.87,C类,改进款,7月,2025,秋冬,预售,0.88,743,728,265,359,28646.36,胡玉华,运动,第一波,9月,长期,E波,否,改进,成功,优秀,D
190,SPU189,跑步外套夏季款,联名,运动,运动外套,0.1402,1241,1067,161,44374.99,5571.25,3272.47,15812.81,2298.78,174,118,616.17,487.85,402.67,745.52,184.424,4825.73,2869.8,1955.93,553.25,30.44,15.7,6169.91,4955.6,0.7329,109.04,C类,改进款,10月,2024,春夏,清仓,0.62,625,1242,153,490,4825.73,刘红,复古,特别款,12月,3个月,A波,否,创新,成功,优秀,A
191,SPU190,家居服秋冬款,爆款,内衣,家居服,0.0129,1322,1305,1180,18803.09,5372.23,1996.72,13000.33,3375.51,17,8,627.69,143.54,92.07,634.31,470.487,4737.92,1904.65,2833.27,508.13,48.58,14.65,5078.85,4605.75,0.0068,234.06,E类,升级款,8月,2024,秋季,下架,0.98,382,170,1397,211,4737.92,刘燕,商务,第四波,9月,3个月,E波,否,改进,成功,一般,A
192,SPU191,运动套装新款,设计师款,童装,套装,0.1336,3270,2833,913,20022.93,23651.65,7980.1,9729.97,15671.55,437,37,520.69,897.35,797.59,1779.14,2169.639,21872.51,7182.51,14690.0,2200.18,38.41,5.98,22031.23,20422.18,0.0405,498.4,D类,升级款,12月,2025,夏季,在售,0.64,39,1116,318,485,21872.51,周亮,休闲,第二波,6月,1年,E波,否,停用,成功,需改进,D
193,SPU192,家居服夏季款,清仓,内衣,家居服,0.1283,187,163,108,14222.56,32148.68,10719.54,9237.7,21429.14,24,21,2353.25,737.09,715.1,633.21,856.623,31515.47,10004.44,21511.03,2905.49,9.2,1.61,37227.61,28474.31,0.1944,483.51,C类,升级款,4月,2024,夏季,清仓,0.74,705,1605,329,494,31515.47,钟明,运动,第四波,9月,长期,A波,否,延续,一般,需改进,C
194,SPU193,针织衫夏季款,设计师款,女装,上装,0.0792,4091,3767,3244,48528.83,20912.95,10629.56,31199.52,10283.39,324,58,2066.22,1057.09,776.79,219.89,935.509,20693.06,9852.77,10840.29,277.8,37.29,5.63,22556.26,19969.29,0.0179,320.42,B类,改进款,4月,2023,冬季,下架,0.98,379,1666,745,8,20693.06,樊成,时尚,第三波,全年平销,3个月,D波,是,停用,待评估,需改进,C
195,SPU194,套头卫衣春季款,联名,运动,卫衣,0.0813,1440,1323,764,9667.86,30149.7,15590.57,5531.11,14559.13,117,54,2978.04,1688.35,2000.47,1912.06,2057.296,28237.64,13590.1,14647.54,2759.59,4.96,2.63,34216.71,24660.27,0.0707,57.39,D类,延续款,8月,2025,秋季,下架,0.55,454,1030,1190,412,28237.64,叶云,简约,第三波,12月,6个月,B波,是,停用,成功,一般,D
196,SPU195,套头卫衣经典款,设计师款,女装,卫衣,0.0009,3242,3239,3203,11972.89,14896.62,9710.26,7946.83,5186.36,3,2,1553.15,102.75,1236.97,700.59,711.923,14196.03,8473.29,5722.74,192.77,1.31,23.72,16927.15,13463.46,0.0006,383.56,C类,改进款,3月,2025,夏季,停售,0.78,400,394,1262,329,14196.03,郑玉英,休闲,第一波,全年平销,长期,B波,是,改进,待评估,需改进,E
197,SPU196,休闲衬衫春季款,热卖,男装,衬衫,0.1248,1034,905,802,42308.51,31738.6,12825.32,14270.74,18913.28,129,30,431.32,148.97,1831.69,2774.17,2228.07,28964.43,10993.63,17970.8,754.57,30.9,16.31,37735.92,29020.47,0.0374,61.38,未分组,升级款,8月,2025,冬季,预售,0.59,668,1838,454,152,28964.43,殷东,复古,特别款,6月,长期,C波,否,创新,成功,一般,A
198,SPU197,训练外套经典款,设计师款,运动,运动外套,0.0256,4881,4756,1161,14840.69,44835.63,15114.58,5686.79,29721.05,125,13,1080.27,1834.33,915.88,3550.73,2018.782,41284.9,14198.7,27086.2,2411.55,31.28,6.31,43399.22,43846.68,0.0112,335.1,D类,升级款,3月,2024,春夏,停售,0.83,646,1242,64,60,41284.9,李东,时尚,第三波,12月,3个月,B波,是,延续,一般,好,E
199,SPU198,休闲衬衫秋冬款,热卖,女装,上装,0.0585,940,885,335,7789.69,5088.7,2934.35,5307.05,2154.35,55,1,299.2,255.9,141.77,141.07,110.313,4947.63,2792.58,2155.05,392.17,24.79,15.38,4885.03,4267.44,0.003,127.83,未分组,改进款,7月,2023,秋季,下架,0.66,813,421,1478,249,4947.63,张建,休闲,第四波,12月,1年,C波,否,停用,待评估,一般,E
200,SPU199,羽绒服春季款,限量,童装,外套,0.0465,3681,3510,2094,13400.12,21080.61,11416.26,5908.13,9664.35,171,8,299.17,401.7,1633.13,2799.83,533.234,18280.78,9783.13,8497.65,1711.34,17.89,2.18,22404.09,18432.73,0.0038,400.78,A类,延续款,6月,2025,春夏,预售,0.61,581,1628,658,460,18280.78,李磊,复古,特别款,3月,长期,C波,否,改进,成功,需改进,E
